id,media_labs,minitestes,media_provas,projeto,p2,media_parcial,prova_final,media_final,periodo,professor,prova_1,prova_2,prova_3,reposicao,elab_p1,elab_p2,elab_p3,elab_repo,correcao_p1,correcao_p2,correcao_p3,correcao_repo
1,6.80,7.50,7.00,8.10,,7.40,,,2017/2,Lívia,7.55,8.70,4.75,,Matheus/Lívia,Matheus,Lívia,Matheus,Lívia,Lívia,Lívia,Lívia
2,3.90,0.00,2.60,0.00,,,,,2017/2,Lívia,7.75,0.00,0.00,,Matheus/Lívia,Matheus,Lívia,Matheus,Lívia,Lívia,Lívia,Lívia
3,9.50,7.00,7.20,9.00,5.90,7.60,,,2017/2,Lívia,7.60,7.50,6.35,,Matheus/Lívia,Matheus,Lívia,Matheus,Lívia,Lívia,Lívia,Lívia
4,9.80,9.30,8.50,8.90,8.60,8.80,,,2017/2,Lívia,7.75,9.55,8.10,,Matheus/Lívia,Matheus,Lívia,Matheus,Lívia,Lívia,Lívia,Lívia
5,9.50,6.00,6.00,8.70,5.90,7.10,,,2017/2,Lívia,6.30,7.30,,4.50,Matheus/Lívia,Matheus,Lívia,Matheus,Lívia,Lívia,Lívia,Lívia
6,9.70,9.80,9.20,9.60,8.80,9.30,,,2017/2,Lívia,9.25,9.10,9.20,,Matheus/Lívia,Matheus,Lívia,Matheus,Lívia,Lívia,Lívia,Lívia
7,4.70,5.30,7.20,7.20,7.70,6.80,5.60,5.60,2017/2,Lívia,7.15,8.85,5.65,,Matheus/Lívia,Matheus,Lívia,Matheus,Lívia,Lívia,Lívia,Lívia
8,2.00,,,,,,,,2017/2,Lívia,,,,,Matheus/Lívia,Matheus,Lívia,Matheus,Lívia,Lívia,Lívia,Lívia
9,9.20,9.50,9.30,8.90,6.70,8.70,,,2017/2,Lívia,6.40,9.05,9.30,,Matheus/Lívia,Matheus,Lívia,Matheus,Lívia,Lívia,Lívia,Lívia
10,2.00,,,,,,,,2017/2,Lívia,7.00,,,,Matheus/Lívia,Matheus,Lívia,Matheus,Lívia,Lívia,Lívia,Lívia
11,3.20,5.00,7.70,9.20,4.10,6.50,6.40,6.40,2017/2,Lívia,4.20,5.55,7.65,,Matheus/Lívia,Matheus,Lívia,Matheus,Lívia,Lívia,Lívia,Lívia
12,9.80,10.00,9.50,9.90,8.60,9.50,,,2017/2,Lívia,7.45,8.35,9.50,,Matheus/Lívia,Matheus,Lívia,Matheus,Lívia,Lívia,Lívia,Lívia
13,0.00,,,,,,,,2017/2,Lívia,,,,,Matheus/Lívia,Matheus,Lívia,Matheus,Lívia,Lívia,Lívia,Lívia
14,9.70,9.80,8.70,9.20,8.40,9.00,,,2017/2,Lívia,10.00,9.05,7.10,,Matheus/Lívia,Matheus,Lívia,Matheus,Lívia,Lívia,Lívia,Lívia
15,9.90,9.50,9.40,8.80,9.40,9.30,,,2017/2,Lívia,9.40,8.90,,10.00,Matheus/Lívia,Matheus,Lívia,Matheus,Lívia,Lívia,Lívia,Lívia
16,0.00,,,,,,,,2017/2,Lívia,,,,,Matheus/Lívia,Matheus,Lívia,Matheus,Lívia,Lívia,Lívia,Lívia
17,9.20,9.50,8.30,9.40,8.60,8.90,,,2017/2,Lívia,8.65,8.85,7.40,,Matheus/Lívia,Matheus,Lívia,Matheus,Lívia,Lívia,Lívia,Lívia
18,0.00,,,,,,,,2017/2,Lívia,,,,,Matheus/Lívia,Matheus,Lívia,Matheus,Lívia,Lívia,Lívia,Lívia
19,7.60,8.80,7.00,8.70,3.20,7.00,,,2017/2,Lívia,6.70,7.60,6.55,,Matheus/Lívia,Matheus,Lívia,Matheus,Lívia,Lívia,Lívia,Lívia
20,2.80,4.00,6.80,7.10,5.80,5.90,6.10,6.00,2017/2,Lívia,,6.55,5.85,8.10,Matheus/Lívia,Matheus,Lívia,Matheus,Lívia,Lívia,Lívia,Lívia
21,9.60,8.60,7.30,9.10,6.30,8.00,,,2017/2,Lívia,6.10,9.45,6.45,,Matheus/Lívia,Matheus,Lívia,Matheus,Lívia,Lívia,Lívia,Lívia
22,9.10,9.00,8.90,9.40,8.60,9.00,,,2017/2,Lívia,9.25,9.30,8.00,,Matheus/Lívia,Matheus,Lívia,Matheus,Lívia,Lívia,Lívia,Lívia
23,2.00,,,,,,,,2017/2,Lívia,,,,,Matheus/Lívia,Matheus,Lívia,Matheus,Lívia,Lívia,Lívia,Lívia
24,8.80,2.30,6.80,8.40,7.70,7.10,,,2017/2,Lívia,1.20,,6.75,6.80,Matheus/Lívia,Matheus,Lívia,Matheus,Lívia,Lívia,Lívia,Lívia
25,0.00,6.30,5.20,8.80,6.30,5.80,3.00,4.70,2017/2,Lívia,,5.50,2.95,7.00,Matheus/Lívia,Matheus,Lívia,Matheus,Lívia,Lívia,Lívia,Lívia
26,8.60,7.80,7.90,9.10,7.30,8.10,,,2017/2,Lívia,8.10,8.20,7.25,,Matheus/Lívia,Matheus,Lívia,Matheus,Lívia,Lívia,Lívia,Lívia
27,3.10,3.80,1.10,8.90,4.70,4.30,1.80,3.30,2017/2,Lívia,,0.40,0.00,2.90,Matheus/Lívia,Matheus,Lívia,Matheus,Lívia,Lívia,Lívia,Lívia
28,0.00,,,,,,,,2017/2,Lívia,,0.00,,,Matheus/Lívia,Matheus,Lívia,Matheus,Lívia,Lívia,Lívia,Lívia
29,8.90,9.40,8.00,9.40,8.30,8.60,,,2017/2,Lívia,8.95,9.30,5.65,,Matheus/Lívia,Matheus,Lívia,Matheus,Lívia,Lívia,Lívia,Lívia
30,9.90,10.00,8.70,9.50,8.80,9.20,,,2017/2,Lívia,8.95,7.45,8.65,,Matheus/Lívia,Matheus,Lívia,Matheus,Lívia,Lívia,Lívia,Lívia
31,9.70,9.30,8.30,9.30,7.40,8.60,,,2017/2,Lívia,6.85,8.05,8.25,,Matheus/Lívia,Matheus,Lívia,Matheus,Lívia,Lívia,Lívia,Lívia
32,7.00,3.00,6.20,8.40,6.90,6.60,4.90,5.90,2017/2,Lívia,3.90,,6.15,7.70,Matheus/Lívia,Matheus,Lívia,Matheus,Lívia,Lívia,Lívia,Lívia
33,1.90,0.00,1.20,0.00,1.80,1.00,,,2017/2,Lívia,3.65,0.00,0.00,,Matheus/Lívia,Matheus,Lívia,Matheus,Lívia,Lívia,Lívia,Lívia
34,1.60,,2.30,0.00,,,,,2017/2,Lívia,6.90,0.00,0.00,,Matheus/Lívia,Matheus,Lívia,Matheus,Lívia,Lívia,Lívia,Lívia
35,6.90,8.50,7.30,8.60,5.50,7.30,,,2017/2,Lívia,7.60,,5.40,8.80,Matheus/Lívia,Matheus,Lívia,Matheus,Lívia,Lívia,Lívia,Lívia
36,9.50,9.40,10.00,9.20,9.20,9.50,,,2017/2,Lívia,10.00,9.50,10.00,,Matheus/Lívia,Matheus,Lívia,Matheus,Lívia,Lívia,Lívia,Lívia
37,9.60,9.30,9.80,9.60,9.00,9.50,,,2017/2,Lívia,9.60,8.55,9.80,,Matheus/Lívia,Matheus,Lívia,Matheus,Lívia,Lívia,Lívia,Lívia
38,6.47,,1.03,5.70,3.50,3.08,,3.08,2018/1,Eliane,2.10,,0.00,1.00,Lívia,Matheus,Eliane,Raquel,Lívia,Matheus,Eliane,Raquel
39,2.62,,,,,,,,2018/1,Eliane,,,,,Lívia,Matheus,Eliane,Raquel,Lívia,Matheus,Eliane,Raquel
40,7.60,,2.20,6.20,6.00,4.35,3.00,3.81,2018/1,Eliane,3.60,,,0.80,Lívia,Matheus,Eliane,Raquel,Lívia,Matheus,Eliane,Raquel
41,2.66,,5.53,8.00,8.63,6.51,6.70,6.59,2018/1,Eliane,5.10,,3.40,8.10,Lívia,Matheus,Eliane,Raquel,Lívia,Matheus,Eliane,Raquel
42,2.68,,,8.80,3.67,3.06,,3.06,2018/1,Eliane,,,0.00,,Lívia,Matheus,Eliane,Raquel,Lívia,Matheus,Eliane,Raquel
43,7.74,,4.60,,2.40,,,,2018/1,Eliane,,4.60,,,Lívia,Matheus,Eliane,Raquel,Lívia,Matheus,Eliane,Raquel
44,7.74,,4.20,9.60,6.13,6.17,3.70,5.18,2018/1,Eliane,3.90,,4.10,4.60,Lívia,Matheus,Eliane,Raquel,Lívia,Matheus,Eliane,Raquel
45,8.29,,7.63,9.60,9.77,8.58,,8.58,2018/1,Eliane,7.70,8.20,7.00,,Lívia,Matheus,Eliane,Raquel,Lívia,Matheus,Eliane,Raquel
46,8.32,,8.17,9.60,8.73,8.64,,8.64,2018/1,Eliane,,9.00,7.00,8.50,Lívia,Matheus,Eliane,Raquel,Lívia,Matheus,Eliane,Raquel
47,7.34,,2.60,7.30,3.10,4.21,6.20,5.00,2018/1,Eliane,0.00,,2.60,4.70,Lívia,Matheus,Eliane,Raquel,Lívia,Matheus,Eliane,Raquel
48,6.96,,7.67,9.10,6.50,7.72,,7.72,2018/1,Eliane,6.90,9.10,7.00,,Lívia,Matheus,Eliane,Raquel,Lívia,Matheus,Eliane,Raquel
49,4.09,,8.55,9.70,9.03,8.57,,8.57,2018/1,Eliane,,9.10,8.00,,Lívia,Matheus,Eliane,Raquel,Lívia,Matheus,Eliane,Raquel
50,6.76,,6.20,9.70,8.10,7.46,,7.46,2018/1,Eliane,7.40,3.60,6.20,,Lívia,Matheus,Eliane,Raquel,Lívia,Matheus,Eliane,Raquel
51,3.87,,6.87,9.30,6.57,7.15,,7.15,2018/1,Eliane,7.70,8.20,,4.70,Lívia,Matheus,Eliane,Raquel,Lívia,Matheus,Eliane,Raquel
52,4.49,,2.10,7.30,1.70,3.46,,3.46,2018/1,Eliane,,0.80,0.00,5.50,Lívia,Matheus,Eliane,Raquel,Lívia,Matheus,Eliane,Raquel
53,6.90,,8.90,8.80,7.10,8.36,,8.36,2018/1,Eliane,8.30,8.90,8.90,,Lívia,Matheus,Eliane,Raquel,Lívia,Matheus,Eliane,Raquel
54,4.00,,4.30,8.00,4.30,5.16,1.60,3.74,2018/1,Eliane,,1.30,4.30,2.30,Lívia,Matheus,Eliane,Raquel,Lívia,Matheus,Eliane,Raquel
55,6.07,,1.20,7.30,3.60,3.53,,3.53,2018/1,Eliane,,0.00,1.20,1.60,Lívia,Matheus,Eliane,Raquel,Lívia,Matheus,Eliane,Raquel
56,2.28,,9.50,8.00,8.67,8.40,,8.40,2018/1,Eliane,5.90,8.20,,9.50,Lívia,Matheus,Eliane,Raquel,Lívia,Matheus,Eliane,Raquel
57,7.55,,7.37,8.80,7.17,7.69,,7.69,2018/1,Eliane,6.40,,7.20,8.50,Lívia,Matheus,Eliane,Raquel,Lívia,Matheus,Eliane,Raquel
58,,,,,0.80,,,,2018/1,Eliane,,,,,Lívia,Matheus,Eliane,Raquel,Lívia,Matheus,Eliane,Raquel
59,2.89,,0.40,,0.00,,,,2018/1,Eliane,0.40,,,,Lívia,Matheus,Eliane,Raquel,Lívia,Matheus,Eliane,Raquel
60,8.39,,8.20,9.70,9.00,8.73,,8.73,2018/1,Eliane,8.80,9.00,6.80,,Lívia,Matheus,Eliane,Raquel,Lívia,Matheus,Eliane,Raquel
61,8.31,,8.40,9.30,8.20,8.57,,8.57,2018/1,Eliane,8.50,10.00,6.70,,Lívia,Matheus,Eliane,Raquel,Lívia,Matheus,Eliane,Raquel
62,6.36,,2.60,7.80,6.30,4.89,5.00,4.93,2018/1,Eliane,0.60,,2.60,2.00,Lívia,Matheus,Eliane,Raquel,Lívia,Matheus,Eliane,Raquel
63,8.36,,6.90,7.80,9.23,7.70,,7.70,2018/1,Eliane,6.00,4.40,6.90,,Lívia,Matheus,Eliane,Raquel,Lívia,Matheus,Eliane,Raquel
64,7.37,,6.80,8.80,6.80,7.33,,7.33,2018/1,Eliane,6.20,,6.80,,Lívia,Matheus,Eliane,Raquel,Lívia,Matheus,Eliane,Raquel
65,6.53,,9.30,9.30,8.10,8.84,,8.84,2018/1,Lívia,7.10,8.50,,9.30,Lívia,Matheus,Eliane,Raquel,Lívia,Matheus,Eliane,Raquel
66,5.79,,6.50,7.70,6.50,6.73,5.00,6.04,2018/1,Lívia,,8.20,4.00,7.30,Lívia,Matheus,Eliane,Raquel,Lívia,Matheus,Eliane,Raquel
67,1.40,,,,1.83,,,,2018/1,Lívia,,,,,Lívia,Matheus,Eliane,Raquel,Lívia,Matheus,Eliane,Raquel
68,2.43,,3.55,8.60,4.50,4.86,5.90,5.28,2018/1,Lívia,,,1.50,5.60,Lívia,Matheus,Eliane,Raquel,Lívia,Matheus,Eliane,Raquel
69,6.05,,3.77,7.40,8.63,5.79,6.50,6.08,2018/1,Lívia,,1.60,3.70,6.00,Lívia,Matheus,Eliane,Raquel,Lívia,Matheus,Eliane,Raquel
70,6.64,,3.53,8.60,6.50,5.59,6.40,5.91,2018/1,Lívia,3.20,,0.00,7.40,Lívia,Matheus,Eliane,Raquel,Lívia,Matheus,Eliane,Raquel
71,7.31,,7.00,,3.27,4.60,0.00,2.76,2018/1,Lívia,7.00,,,,Lívia,Matheus,Eliane,Raquel,Lívia,Matheus,Eliane,Raquel
72,8.22,,8.83,9.70,9.87,9.20,,9.20,2018/1,Lívia,9.80,7.90,8.80,,Lívia,Matheus,Eliane,Raquel,Lívia,Matheus,Eliane,Raquel
73,5.86,,3.00,8.90,4.50,4.94,3.70,4.45,2018/1,Lívia,1.30,0.00,,3.00,Lívia,Matheus,Eliane,Raquel,Lívia,Matheus,Eliane,Raquel
74,0.00,,8.60,7.60,7.00,7.35,,7.35,2018/1,Lívia,8.70,,,8.50,Lívia,Matheus,Eliane,Raquel,Lívia,Matheus,Eliane,Raquel
75,2.44,,4.87,8.90,4.20,5.51,4.20,4.98,2018/1,Lívia,8.10,,1.00,5.50,Lívia,Matheus,Eliane,Raquel,Lívia,Matheus,Eliane,Raquel
76,4.05,,5.10,8.40,6.73,6.13,7.50,6.68,2018/1,Lívia,,,5.10,,Lívia,Matheus,Eliane,Raquel,Lívia,Matheus,Eliane,Raquel
77,8.15,,9.80,9.30,8.70,9.33,,9.33,2018/1,Lívia,9.70,9.60,9.80,,Lívia,Matheus,Eliane,Raquel,Lívia,Matheus,Eliane,Raquel
78,6.04,,5.05,5.70,8.20,5.91,7.00,6.35,2018/1,Lívia,5.70,,4.40,,Lívia,Matheus,Eliane,Raquel,Lívia,Matheus,Eliane,Raquel
79,2.77,,4.30,0.00,2.10,,,,2018/1,Lívia,4.30,,,,Lívia,Matheus,Eliane,Raquel,Lívia,Matheus,Eliane,Raquel
80,7.78,,4.20,9.80,6.00,6.19,4.20,5.39,2018/1,Lívia,3.20,,4.20,,Lívia,Matheus,Eliane,Raquel,Lívia,Matheus,Eliane,Raquel
81,8.18,,8.23,9.40,8.60,8.58,,8.58,2018/1,Lívia,9.60,8.30,6.80,,Lívia,Matheus,Eliane,Raquel,Lívia,Matheus,Eliane,Raquel
82,1.68,,8.13,9.00,6.70,7.54,,7.54,2018/1,Lívia,8.50,9.40,,6.50,Lívia,Matheus,Eliane,Raquel,Lívia,Matheus,Eliane,Raquel
83,2.54,,1.57,9.00,4.20,3.95,1.10,2.81,2018/1,Lívia,,1.70,1.20,1.80,Lívia,Matheus,Eliane,Raquel,Lívia,Matheus,Eliane,Raquel
84,0.00,,,,,,,,2018/1,Lívia,,,,,Lívia,Matheus,Eliane,Raquel,Lívia,Matheus,Eliane,Raquel
85,8.19,,9.60,9.20,7.10,8.89,,8.89,2018/1,Lívia,7.10,7.90,9.60,,Lívia,Matheus,Eliane,Raquel,Lívia,Matheus,Eliane,Raquel
86,1.37,,1.20,8.90,3.40,3.50,,3.50,2018/1,Lívia,,,1.20,,Lívia,Matheus,Eliane,Raquel,Lívia,Matheus,Eliane,Raquel
87,4.99,,4.03,8.00,3.70,4.99,5.90,5.36,2018/1,Lívia,4.00,,3.20,4.90,Lívia,Matheus,Eliane,Raquel,Lívia,Matheus,Eliane,Raquel
88,1.29,,,,0.00,,,,2018/1,Lívia,,,,,Lívia,Matheus,Eliane,Raquel,Lívia,Matheus,Eliane,Raquel
89,3.55,,2.40,,1.10,,,,2018/1,Lívia,2.40,,,,Lívia,Matheus,Eliane,Raquel,Lívia,Matheus,Eliane,Raquel
90,1.88,,3.87,8.70,4.70,5.03,4.90,4.98,2018/1,Lívia,6.80,,3.20,1.60,Lívia,Matheus,Eliane,Raquel,Lívia,Matheus,Eliane,Raquel
91,6.81,,8.67,9.30,9.10,8.76,,8.76,2018/1,Matheus/Raquel,8.40,9.20,8.40,,Lívia,Matheus,Eliane,Raquel,Lívia,Matheus,Eliane,Raquel
92,8.05,,8.80,9.20,8.40,8.76,,8.76,2018/1,Matheus/Raquel,4.80,8.90,8.80,,Lívia,Matheus,Eliane,Raquel,Lívia,Matheus,Eliane,Raquel
93,6.43,,4.83,8.00,6.93,6.14,6.80,6.40,2018/1,Matheus/Raquel,6.50,3.20,4.80,,Lívia,Matheus,Eliane,Raquel,Lívia,Matheus,Eliane,Raquel
94,8.17,,8.80,9.00,7.70,8.58,,8.58,2018/1,Matheus/Raquel,9.70,6.70,8.80,,Lívia,Matheus,Eliane,Raquel,Lívia,Matheus,Eliane,Raquel
95,4.11,,8.77,9.40,8.87,8.57,,8.57,2018/1,Matheus/Raquel,9.30,9.50,7.50,,Lívia,Matheus,Eliane,Raquel,Lívia,Matheus,Eliane,Raquel
96,2.35,,7.90,9.60,5.50,7.38,,7.38,2018/1,Matheus/Raquel,5.00,1.20,,7.90,Lívia,Matheus,Eliane,Raquel,Lívia,Matheus,Eliane,Raquel
97,8.43,,9.30,9.70,8.73,9.21,,9.21,2018/1,Matheus/Raquel,8.00,8.60,9.30,,Lívia,Matheus,Eliane,Raquel,Lívia,Matheus,Eliane,Raquel
98,2.55,,4.60,9.30,7.03,6.05,9.40,7.39,2018/1,Matheus/Raquel,,,,4.60,Lívia,Matheus,Eliane,Raquel,Lívia,Matheus,Eliane,Raquel
99,8.08,,7.90,9.00,7.83,8.16,,8.16,2018/1,Matheus/Raquel,5.00,7.10,7.90,,Lívia,Matheus,Eliane,Raquel,Lívia,Matheus,Eliane,Raquel
100,8.16,,8.00,9.70,6.30,8.08,,8.08,2018/1,Matheus/Raquel,2.90,3.20,,8.00,Lívia,Matheus,Eliane,Raquel,Lívia,Matheus,Eliane,Raquel
101,8.39,,9.53,7.70,10.00,9.09,,9.09,2018/1,Matheus/Raquel,9.50,9.90,9.20,,Lívia,Matheus,Eliane,Raquel,Lívia,Matheus,Eliane,Raquel
102,8.24,,5.37,6.20,8.13,6.35,8.30,7.13,2018/1,Matheus/Raquel,4.50,,4.50,7.10,Lívia,Matheus,Eliane,Raquel,Lívia,Matheus,Eliane,Raquel
103,7.51,,8.70,8.70,9.00,8.67,,8.67,2018/1,Matheus/Raquel,7.40,5.90,,8.70,Lívia,Matheus,Eliane,Raquel,Lívia,Matheus,Eliane,Raquel
104,2.45,,9.00,8.70,7.70,8.14,,8.14,2018/1,Matheus/Raquel,8.60,,,9.00,Lívia,Matheus,Eliane,Raquel,Lívia,Matheus,Eliane,Raquel
105,8.23,,8.67,9.70,8.10,8.77,,8.77,2018/1,Matheus/Raquel,10.00,8.40,7.60,,Lívia,Matheus,Eliane,Raquel,Lívia,Matheus,Eliane,Raquel
106,4.16,,7.00,9.10,6.80,7.24,,7.24,2018/1,Matheus/Raquel,5.70,,7.00,7.60,Lívia,Matheus,Eliane,Raquel,Lívia,Matheus,Eliane,Raquel
107,7.16,,7.00,9.70,7.93,7.85,,7.85,2018/1,Matheus/Raquel,5.10,5.20,7.00,,Lívia,Matheus,Eliane,Raquel,Lívia,Matheus,Eliane,Raquel
108,8.39,,9.10,9.00,9.67,9.13,,9.13,2018/1,Matheus/Raquel,9.20,9.40,8.70,,Lívia,Matheus,Eliane,Raquel,Lívia,Matheus,Eliane,Raquel
109,7.60,,9.10,9.20,9.43,9.07,,9.07,2018/1,Matheus/Raquel,9.70,8.90,8.70,,Lívia,Matheus,Eliane,Raquel,Lívia,Matheus,Eliane,Raquel
110,8.49,,8.10,9.70,9.00,8.69,,8.69,2018/1,Matheus/Raquel,7.20,8.90,8.10,,Lívia,Matheus,Eliane,Raquel,Lívia,Matheus,Eliane,Raquel
111,5.28,,4.20,6.20,4.60,4.85,6.70,5.59,2018/1,Matheus/Raquel,5.30,5.10,,2.20,Lívia,Matheus,Eliane,Raquel,Lívia,Matheus,Eliane,Raquel
112,8.57,,8.60,9.80,9.37,9.04,,9.04,2018/1,Matheus/Raquel,9.10,8.50,8.20,,Lívia,Matheus,Eliane,Raquel,Lívia,Matheus,Eliane,Raquel
113,8.46,,9.40,9.80,9.10,9.36,,9.36,2018/1,Matheus/Raquel,9.10,9.20,9.40,,Lívia,Matheus,Eliane,Raquel,Lívia,Matheus,Eliane,Raquel
114,4.88,,2.40,,4.80,,,,2018/1,Matheus/Raquel,,2.40,,,Lívia,Matheus,Eliane,Raquel,Lívia,Matheus,Eliane,Raquel
115,8.36,,9.03,9.20,8.97,9.01,,9.01,2018/1,Matheus/Raquel,9.10,10.00,8.00,,Lívia,Matheus,Eliane,Raquel,Lívia,Matheus,Eliane,Raquel
116,8.06,,5.27,6.20,6.67,5.99,6.50,6.20,2018/1,Matheus/Raquel,4.50,,4.30,7.00,Lívia,Matheus,Eliane,Raquel,Lívia,Matheus,Eliane,Raquel
117,9.60,,8.90,9.40,,9.12,,9.12,2018/2,Lívia,9.20,9.10,8.40,,Lívia,Raquel,Eliane,Lívia,Lívia,Raquel,Eliane,Lívia/Raquel/Eliane
118,7.38,,8.60,9.70,,8.81,,8.81,2018/2,Lívia,7.70,8.80,8.60,,Lívia,Raquel,Eliane,Lívia,Lívia,Raquel,Eliane,Lívia/Raquel/Eliane
119,9.29,,8.80,9.70,,9.12,,9.12,2018/2,Lívia,7.60,8.10,8.80,,Lívia,Raquel,Eliane,Lívia,Lívia,Raquel,Eliane,Lívia/Raquel/Eliane
120,7.18,,7.70,9.30,,8.13,,8.13,2018/2,Lívia,0.60,4.40,7.70,,Lívia,Raquel,Eliane,Lívia,Lívia,Raquel,Eliane,Lívia/Raquel/Eliane
121,8.45,,9.90,9.50,,9.64,,9.64,2018/2,Lívia,9.30,9.80,9.90,,Lívia,Raquel,Eliane,Lívia,Lívia,Raquel,Eliane,Lívia/Raquel/Eliane
122,6.44,,8.40,9.50,,8.53,,8.53,2018/2,Lívia,7.70,9.50,,8.00,Lívia,Raquel,Eliane,Lívia,Lívia,Raquel,Eliane,Lívia/Raquel/Eliane
123,5.74,,7.77,9.60,,8.11,,8.11,2018/2,Lívia,8.60,7.30,7.40,,Lívia,Raquel,Eliane,Lívia,Lívia,Raquel,Eliane,Lívia/Raquel/Eliane
124,6.86,,7.43,9.70,,8.06,,8.06,2018/2,Lívia,7.00,8.30,7.00,,Lívia,Raquel,Eliane,Lívia,Lívia,Raquel,Eliane,Lívia/Raquel/Eliane
125,9.33,,9.00,9.60,,9.21,,9.21,2018/2,Lívia,8.50,6.20,9.00,,Lívia,Raquel,Eliane,Lívia,Lívia,Raquel,Eliane,Lívia/Raquel/Eliane
126,8.07,,9.50,9.40,,9.33,,9.33,2018/2,Lívia,9.30,9.80,9.40,,Lívia,Raquel,Eliane,Lívia,Lívia,Raquel,Eliane,Lívia/Raquel/Eliane
127,9.27,,8.10,9.10,,8.52,,8.52,2018/2,Lívia,0.00,7.80,8.10,,Lívia,Raquel,Eliane,Lívia,Lívia,Raquel,Eliane,Lívia/Raquel/Eliane
128,7.31,,7.00,8.40,,7.45,,7.45,2018/2,Lívia,5.40,7.10,7.00,,Lívia,Raquel,Eliane,Lívia,Lívia,Raquel,Eliane,Lívia/Raquel/Eliane
129,9.89,,9.10,9.30,,9.24,,9.24,2018/2,Lívia,9.00,7.10,9.10,,Lívia,Raquel,Eliane,Lívia,Lívia,Raquel,Eliane,Lívia/Raquel/Eliane
130,8.99,,8.80,9.20,,8.94,,8.94,2018/2,Lívia,8.70,9.70,8.00,,Lívia,Raquel,Eliane,Lívia,Lívia,Raquel,Eliane,Lívia/Raquel/Eliane
131,8.81,,8.67,9.40,,8.90,,8.90,2018/2,Lívia,8.90,9.70,7.40,,Lívia,Raquel,Eliane,Lívia,Lívia,Raquel,Eliane,Lívia/Raquel/Eliane
132,6.14,,3.60,0.00,,2.77,,2.77,2018/2,Lívia,,0.30,3.60,1.80,Lívia,Raquel,Eliane,Lívia,Lívia,Raquel,Eliane,Lívia/Raquel/Eliane
133,9.91,,9.80,9.50,,9.72,,9.72,2018/2,Lívia,10.00,9.20,9.80,,Lívia,Raquel,Eliane,Lívia,Lívia,Raquel,Eliane,Lívia/Raquel/Eliane
134,4.58,,9.70,9.30,,9.07,,9.07,2018/2,Lívia,8.70,8.60,9.70,,Lívia,Raquel,Eliane,Lívia,Lívia,Raquel,Eliane,Lívia/Raquel/Eliane
135,5.22,,0.00,9.00,,3.22,,3.22,2018/2,Lívia,,0.00,0.00,,Lívia,Raquel,Eliane,Lívia,Lívia,Raquel,Eliane,Lívia/Raquel/Eliane
136,5.30,,4.20,9.30,,5.84,2.80,4.62,2018/2,Lívia,2.00,3.40,,4.20,Lívia,Raquel,Eliane,Lívia,Lívia,Raquel,Eliane,Lívia/Raquel/Eliane
137,5.36,,3.83,9.30,,5.63,6.20,5.86,2018/2,Lívia,5.20,3.80,,2.50,Lívia,Raquel,Eliane,Lívia,Lívia,Raquel,Eliane,Lívia/Raquel/Eliane
138,8.33,,3.07,8.70,,5.28,6.20,5.65,2018/2,Lívia,,4.10,1.00,4.10,Lívia,Raquel,Eliane,Lívia,Lívia,Raquel,Eliane,Lívia/Raquel/Eliane
139,5.81,,5.00,7.00,,5.68,4.60,5.25,2018/2,Lívia,,3.40,5.00,5.50,Lívia,Raquel,Eliane,Lívia,Lívia,Raquel,Eliane,Lívia/Raquel/Eliane
140,9.93,,10.00,9.00,,9.69,,9.69,2018/2,Lívia,8.00,9.10,10.00,,Lívia,Raquel,Eliane,Lívia,Lívia,Raquel,Eliane,Lívia/Raquel/Eliane
141,4.11,,6.70,9.00,,7.13,,7.13,2018/2,Lívia,3.20,5.70,6.70,,Lívia,Raquel,Eliane,Lívia,Lívia,Raquel,Eliane,Lívia/Raquel/Eliane
142,2.61,,6.00,6.40,,5.78,6.40,6.03,2018/2,Lívia,5.10,5.80,6.00,,Lívia,Raquel,Eliane,Lívia,Lívia,Raquel,Eliane,Lívia/Raquel/Eliane
143,5.83,,5.43,8.60,,6.42,3.70,5.33,2018/2,Lívia,6.20,6.40,3.70,,Lívia,Raquel,Eliane,Lívia,Lívia,Raquel,Eliane,Lívia/Raquel/Eliane
144,9.06,,7.80,8.70,,8.20,,8.20,2018/2,Lívia,0.50,1.70,,7.80,Lívia,Raquel,Eliane,Lívia,Lívia,Raquel,Eliane,Lívia/Raquel/Eliane
145,8.96,,6.10,9.30,,7.35,,7.35,2018/2,Lívia,7.30,0.00,6.10,,Lívia,Raquel,Eliane,Lívia,Lívia,Raquel,Eliane,Lívia/Raquel/Eliane
146,4.29,,5.17,9.60,,6.41,5.00,5.85,2018/2,Lívia,,4.80,2.40,8.30,Lívia,Raquel,Eliane,Lívia,Lívia,Raquel,Eliane,Lívia/Raquel/Eliane
147,2.23,,0.00,0.00,,0.22,,0.22,2018/2,Lívia,,0.00,,,Lívia,Raquel,Eliane,Lívia,Lívia,Raquel,Eliane,Lívia/Raquel/Eliane
148,4.08,,0.00,0.00,,0.41,,0.41,2018/2,Lívia,,0.00,,,Lívia,Raquel,Eliane,Lívia,Lívia,Raquel,Eliane,Lívia/Raquel/Eliane
149,9.54,,6.10,9.10,,7.34,,7.34,2018/2,Lívia,4.20,6.70,6.10,,Lívia,Raquel,Eliane,Lívia,Lívia,Raquel,Eliane,Lívia/Raquel/Eliane
150,7.13,,6.80,9.70,,7.70,,7.70,2018/2,Lívia,4.30,5.90,6.80,,Lívia,Raquel,Eliane,Lívia,Lívia,Raquel,Eliane,Lívia/Raquel/Eliane
151,8.45,,9.30,9.60,,9.31,,9.31,2018/2,Lívia,8.50,6.30,9.30,,Lívia,Raquel,Eliane,Lívia,Lívia,Raquel,Eliane,Lívia/Raquel/Eliane
152,9.77,,9.20,9.80,,9.44,,9.44,2018/2,Lívia,8.90,9.60,9.10,,Lívia,Raquel,Eliane,Lívia,Lívia,Raquel,Eliane,Lívia/Raquel/Eliane
153,9.67,,4.43,9.60,,6.51,6.50,6.50,2018/2,Eliane,4.40,6.10,2.80,,Lívia,Raquel,Eliane,Lívia,Lívia,Raquel,Eliane,Lívia/Raquel/Eliane
154,6.58,,5.20,4.80,,5.22,4.00,4.73,2018/2,Eliane,4.10,6.30,5.20,,Lívia,Raquel,Eliane,Lívia,Lívia,Raquel,Eliane,Lívia/Raquel/Eliane
155,4.04,,0.23,0.00,,0.54,,0.54,2018/2,Eliane,,0.70,0.00,,Lívia,Raquel,Eliane,Lívia,Lívia,Raquel,Eliane,Lívia/Raquel/Eliane
156,6.64,,6.70,9.40,,7.50,,7.50,2018/2,Eliane,5.40,8.30,6.40,,Lívia,Raquel,Eliane,Lívia,Lívia,Raquel,Eliane,Lívia/Raquel/Eliane
157,3.81,,4.60,8.90,,5.81,5.20,5.57,2018/2,Eliane,1.00,,4.60,4.30,Lívia,Raquel,Eliane,Lívia,Lívia,Raquel,Eliane,Lívia/Raquel/Eliane
158,9.31,,9.10,9.50,,9.24,,9.24,2018/2,Eliane,9.10,9.90,8.30,,Lívia,Raquel,Eliane,Lívia,Lívia,Raquel,Eliane,Lívia/Raquel/Eliane
159,2.74,,0.57,0.00,,0.61,,0.61,2018/2,Eliane,,1.70,,,Lívia,Raquel,Eliane,Lívia,Lívia,Raquel,Eliane,Lívia/Raquel/Eliane
160,9.23,,5.17,9.40,,6.84,4.80,6.03,2018/2,Eliane,5.40,,3.00,7.10,Lívia,Raquel,Eliane,Lívia,Lívia,Raquel,Eliane,Lívia/Raquel/Eliane
161,0.00,,0.00,,,0.00,,0.00,2018/2,Eliane,,0.00,,,Lívia,Raquel,Eliane,Lívia,Lívia,Raquel,Eliane,Lívia/Raquel/Eliane
162,4.29,,3.90,9.00,,5.47,0.00,3.28,2018/2,Eliane,5.60,,0.80,5.30,Lívia,Raquel,Eliane,Lívia,Lívia,Raquel,Eliane,Lívia/Raquel/Eliane
163,4.26,,4.20,9.30,,5.74,4.10,5.08,2018/2,Eliane,,0.90,4.20,5.40,Lívia,Raquel,Eliane,Lívia,Lívia,Raquel,Eliane,Lívia/Raquel/Eliane
164,8.96,,8.90,9.00,,8.94,,8.94,2018/2,Eliane,8.90,,8.90,7.30,Lívia,Raquel,Eliane,Lívia,Lívia,Raquel,Eliane,Lívia/Raquel/Eliane
165,6.72,,5.17,9.40,,6.59,4.60,5.80,2018/2,Eliane,5.30,7.00,3.20,,Lívia,Raquel,Eliane,Lívia,Lívia,Raquel,Eliane,Lívia/Raquel/Eliane
166,0.00,,1.00,,,0.60,,0.36,2018/2,Eliane,2.30,0.70,,,Lívia,Raquel,Eliane,Lívia,Lívia,Raquel,Eliane,Lívia/Raquel/Eliane
167,3.63,,0.93,8.00,,3.32,,3.32,2018/2,Eliane,1.80,,0.80,0.20,Lívia,Raquel,Eliane,Lívia,Lívia,Raquel,Eliane,Lívia/Raquel/Eliane
168,7.91,,7.50,8.70,,7.90,,7.90,2018/2,Eliane,7.60,8.40,6.50,,Lívia,Raquel,Eliane,Lívia,Lívia,Raquel,Eliane,Lívia/Raquel/Eliane
169,5.39,,4.70,9.20,,6.12,4.70,5.55,2018/2,Eliane,,4.50,4.70,,Lívia,Raquel,Eliane,Lívia,Lívia,Raquel,Eliane,Lívia/Raquel/Eliane
170,4.58,,5.00,8.40,,5.98,6.00,5.99,2018/2,Eliane,5.60,0.40,,5.00,Lívia,Raquel,Eliane,Lívia,Lívia,Raquel,Eliane,Lívia/Raquel/Eliane
171,7.13,,7.20,9.20,,7.79,,7.79,2018/2,Eliane,6.40,7.60,,7.20,Lívia,Raquel,Eliane,Lívia,Lívia,Raquel,Eliane,Lívia/Raquel/Eliane
172,9.83,,9.80,9.80,,9.80,,9.80,2018/2,Eliane,8.00,8.70,9.80,,Lívia,Raquel,Eliane,Lívia,Lívia,Raquel,Eliane,Lívia/Raquel/Eliane
173,6.51,,8.70,8.30,,8.36,,8.36,2018/2,Eliane,8.10,6.00,8.70,,Lívia,Raquel,Eliane,Lívia,Lívia,Raquel,Eliane,Lívia/Raquel/Eliane
174,5.14,,5.70,4.90,,5.40,6.40,5.80,2018/2,Eliane,5.00,3.40,5.70,,Lívia,Raquel,Eliane,Lívia,Lívia,Raquel,Eliane,Lívia/Raquel/Eliane
175,3.39,,3.80,9.20,,5.38,3.80,4.75,2018/2,Eliane,,0.50,3.80,4.10,Lívia,Raquel,Eliane,Lívia,Lívia,Raquel,Eliane,Lívia/Raquel/Eliane
176,3.43,,0.00,,,0.34,,0.34,2018/2,Eliane,,0.00,,,Lívia,Raquel,Eliane,Lívia,Lívia,Raquel,Eliane,Lívia/Raquel/Eliane
177,3.49,,0.00,0.00,,0.35,,0.35,2018/2,Eliane,,0.00,,,Lívia,Raquel,Eliane,Lívia,Lívia,Raquel,Eliane,Lívia/Raquel/Eliane
178,4.21,,0.53,,,0.74,,0.74,2018/2,Eliane,1.60,0.00,,,Lívia,Raquel,Eliane,Lívia,Lívia,Raquel,Eliane,Lívia/Raquel/Eliane
179,4.29,,5.97,9.30,,6.80,5.00,6.08,2018/2,Eliane,5.80,,4.60,7.50,Lívia,Raquel,Eliane,Lívia,Lívia,Raquel,Eliane,Lívia/Raquel/Eliane
180,2.61,,4.60,9.80,,5.96,2.60,4.62,2018/2,Eliane,1.10,3.10,,4.60,Lívia,Raquel,Eliane,Lívia,Lívia,Raquel,Eliane,Lívia/Raquel/Eliane
181,3.59,,3.50,0.00,,2.46,,2.46,2018/2,Eliane,,2.50,3.00,5.00,Lívia,Raquel,Eliane,Lívia,Lívia,Raquel,Eliane,Lívia/Raquel/Eliane
182,4.19,,4.00,8.00,,5.22,4.70,5.01,2018/2,Eliane,0.00,5.10,4.00,,Lívia,Raquel,Eliane,Lívia,Lívia,Raquel,Eliane,Lívia/Raquel/Eliane
183,0.00,,4.50,8.00,,5.10,3.60,4.50,2018/2,Eliane,,0.70,4.50,2.00,Lívia,Raquel,Eliane,Lívia,Lívia,Raquel,Eliane,Lívia/Raquel/Eliane
184,9.39,,6.70,9.20,,7.72,,7.72,2018/2,Eliane,5.30,8.80,,6.00,Lívia,Raquel,Eliane,Lívia,Lívia,Raquel,Eliane,Lívia/Raquel/Eliane
185,6.53,,7.33,9.80,,7.99,,7.99,2018/2,Eliane,8.30,8.90,4.80,,Lívia,Raquel,Eliane,Lívia,Lívia,Raquel,Eliane,Lívia/Raquel/Eliane
186,5.86,,7.60,9.10,,7.88,,7.88,2018/2,Eliane,9.00,,7.00,6.80,Lívia,Raquel,Eliane,Lívia,Lívia,Raquel,Eliane,Lívia/Raquel/Eliane
187,4.16,,1.00,6.50,,2.97,,2.97,2018/2,Eliane,,1.40,0.60,1.00,Lívia,Raquel,Eliane,Lívia,Lívia,Raquel,Eliane,Lívia/Raquel/Eliane
188,0.00,,0.00,,,,,,2018/2,Raquel,,0.00,,,Lívia,Raquel,Eliane,Lívia,Lívia,Raquel,Eliane,Lívia/Raquel/Eliane
189,5.05,,3.87,9.10,,5.56,4.10,4.97,2018/2,Raquel,4.90,,3.50,3.20,Lívia,Raquel,Eliane,Lívia,Lívia,Raquel,Eliane,Lívia/Raquel/Eliane
190,2.85,,2.97,9.80,,5.01,5.00,5.00,2018/2,Raquel,4.90,,1.00,3.00,Lívia,Raquel,Eliane,Lívia,Lívia,Raquel,Eliane,Lívia/Raquel/Eliane
191,8.99,,6.93,9.10,,7.79,,7.79,2018/2,Raquel,8.00,6.20,6.60,,Lívia,Raquel,Eliane,Lívia,Lívia,Raquel,Eliane,Lívia/Raquel/Eliane
192,7.93,,8.50,9.20,,8.65,,8.65,2018/2,Raquel,8.00,8.60,8.50,,Lívia,Raquel,Eliane,Lívia,Lívia,Raquel,Eliane,Lívia/Raquel/Eliane
193,4.07,,9.60,9.30,,8.96,,8.96,2018/2,Raquel,7.60,7.30,9.60,,Lívia,Raquel,Eliane,Lívia,Lívia,Raquel,Eliane,Lívia/Raquel/Eliane
194,6.11,,2.83,4.80,,3.75,,3.75,2018/2,Raquel,0.00,5.70,2.80,,Lívia,Raquel,Eliane,Lívia,Lívia,Raquel,Eliane,Lívia/Raquel/Eliane
195,9.92,,9.33,9.80,,9.53,,9.53,2018/2,Raquel,9.40,9.50,9.10,,Lívia,Raquel,Eliane,Lívia,Lívia,Raquel,Eliane,Lívia/Raquel/Eliane
196,4.11,,6.80,9.40,,7.31,,7.31,2018/2,Raquel,2.90,0.00,6.80,,Lívia,Raquel,Eliane,Lívia,Lívia,Raquel,Eliane,Lívia/Raquel/Eliane
197,9.99,,10.00,9.60,,9.88,,9.88,2018/2,Raquel,0.00,8.60,10.00,,Lívia,Raquel,Eliane,Lívia,Lívia,Raquel,Eliane,Lívia/Raquel/Eliane
198,8.39,,8.87,6.30,,8.05,,8.05,2018/2,Raquel,8.20,9.60,,8.80,Lívia,Raquel,Eliane,Lívia,Lívia,Raquel,Eliane,Lívia/Raquel/Eliane
199,1.15,,3.00,8.50,,4.47,1.70,3.36,2018/2,Raquel,0.40,2.10,,3.00,Lívia,Raquel,Eliane,Lívia,Lívia,Raquel,Eliane,Lívia/Raquel/Eliane
200,9.49,,9.90,9.80,,9.83,,9.83,2018/2,Raquel,9.60,8.70,9.90,,Lívia,Raquel,Eliane,Lívia,Lívia,Raquel,Eliane,Lívia/Raquel/Eliane
201,5.15,,5.00,6.50,,5.47,4.30,5.00,2018/2,Raquel,,2.80,5.00,3.10,Lívia,Raquel,Eliane,Lívia,Lívia,Raquel,Eliane,Lívia/Raquel/Eliane
202,7.11,,7.00,8.70,,7.52,,7.52,2018/2,Raquel,4.80,4.80,,7.00,Lívia,Raquel,Eliane,Lívia,Lívia,Raquel,Eliane,Lívia/Raquel/Eliane
203,8.77,,7.40,9.50,,8.17,,8.17,2018/2,Raquel,6.20,8.40,7.40,,Lívia,Raquel,Eliane,Lívia,Lívia,Raquel,Eliane,Lívia/Raquel/Eliane
204,0.00,,3.20,4.80,,3.36,,3.36,2018/2,Raquel,0.00,0.00,3.20,,Lívia,Raquel,Eliane,Lívia,Lívia,Raquel,Eliane,Lívia/Raquel/Eliane
205,8.44,,8.93,9.00,,8.90,,8.90,2018/2,Raquel,8.60,9.50,8.70,,Lívia,Raquel,Eliane,Lívia,Lívia,Raquel,Eliane,Lívia/Raquel/Eliane
206,9.84,,9.60,9.70,,9.65,,9.65,2018/2,Raquel,8.40,9.80,9.60,,Lívia,Raquel,Eliane,Lívia,Lívia,Raquel,Eliane,Lívia/Raquel/Eliane
207,9.58,,4.93,8.80,,6.56,5.00,5.93,2018/2,Raquel,5.50,4.50,4.80,,Lívia,Raquel,Eliane,Lívia,Lívia,Raquel,Eliane,Lívia/Raquel/Eliane
208,3.20,,2.70,8.80,,4.58,5.60,4.99,2018/2,Raquel,3.30,,1.40,3.40,Lívia,Raquel,Eliane,Lívia,Lívia,Raquel,Eliane,Lívia/Raquel/Eliane
209,7.70,,5.03,9.60,,6.67,4.90,5.96,2018/2,Raquel,4.50,6.50,4.10,,Lívia,Raquel,Eliane,Lívia,Lívia,Raquel,Eliane,Lívia/Raquel/Eliane
210,4.17,,2.00,8.90,,4.29,0.00,2.57,2018/2,Raquel,2.10,0.00,,2.00,Lívia,Raquel,Eliane,Lívia,Lívia,Raquel,Eliane,Lívia/Raquel/Eliane
211,10.00,,9.00,9.60,,9.28,,9.28,2018/2,Raquel,9.00,8.80,9.00,,Lívia,Raquel,Eliane,Lívia,Lívia,Raquel,Eliane,Lívia/Raquel/Eliane
212,9.04,,9.00,8.70,,8.91,,8.91,2018/2,Raquel,7.70,9.30,9.00,,Lívia,Raquel,Eliane,Lívia,Lívia,Raquel,Eliane,Lívia/Raquel/Eliane
213,9.79,,6.40,8.80,,7.46,,7.46,2018/2,Raquel,6.60,4.70,6.40,,Lívia,Raquel,Eliane,Lívia,Lívia,Raquel,Eliane,Lívia/Raquel/Eliane
214,7.65,,8.03,9.00,,8.29,,8.29,2018/2,Raquel,7.90,,7.70,8.50,Lívia,Raquel,Eliane,Lívia,Lívia,Raquel,Eliane,Lívia/Raquel/Eliane
215,9.43,,6.93,8.80,,7.74,,7.74,2018/2,Raquel,7.70,6.30,6.80,,Lívia,Raquel,Eliane,Lívia,Lívia,Raquel,Eliane,Lívia/Raquel/Eliane
216,0.00,,0.10,7.90,,2.43,,2.43,2018/2,Raquel,,0.00,0.10,,Lívia,Raquel,Eliane,Lívia,Lívia,Raquel,Eliane,Lívia/Raquel/Eliane
217,4.29,,0.00,,,0.43,,0.43,2018/2,Raquel,,0.00,,,Lívia,Raquel,Eliane,Lívia,Lívia,Raquel,Eliane,Lívia/Raquel/Eliane
218,3.68,,0.00,,,0.37,,0.37,2018/2,Raquel,,0.00,,,Lívia,Raquel,Eliane,Lívia,Lívia,Raquel,Eliane,Lívia/Raquel/Eliane
219,0.18,,0.00,9.10,,2.75,,2.75,2018/2,Raquel,,0.00,,,Lívia,Raquel,Eliane,Lívia,Lívia,Raquel,Eliane,Lívia/Raquel/Eliane
220,8.25,,6.77,6.40,,6.81,6.90,6.84,2018/2,Raquel,8.90,6.30,5.10,,Lívia,Raquel,Eliane,Lívia,Lívia,Raquel,Eliane,Lívia/Raquel/Eliane
221,7.98,,6.70,9.50,,7.67,,7.67,2018/2,Raquel,4.90,6.60,6.70,,Lívia,Raquel,Eliane,Lívia,Lívia,Raquel,Eliane,Lívia/Raquel/Eliane
222,9.06,,6.00,9.60,,7.39,,7.39,2018/2,Raquel,3.50,7.40,,6.00,Lívia,Raquel,Eliane,Lívia,Lívia,Raquel,Eliane,Lívia/Raquel/Eliane
223,3.90,4.10,4.50,7.60,4.90,5.20,3.60,4.60,2017/1,Lívia,4.10,5.60,3.70,,Matheus/Raquel,Matheus/Lívia,Matheus/Raquel,Matheus/Lívia,Matheus/Raquel,Matheus/Lívia,Matheus/Raquel,Matheus/Lívia
224,5.10,2.10,5.50,7.50,5.20,5.50,4.40,5.00,2017/1,Lívia,4.10,,2.60,5.50,Matheus/Raquel,Matheus/Lívia,Matheus/Raquel,Matheus/Lívia,Matheus/Raquel,Matheus/Lívia,Matheus/Raquel,Matheus/Lívia
225,3.70,2.60,3.90,8.00,2.90,4.50,4.60,4.50,2017/1,Lívia,3.00,,2.40,6.30,Matheus/Raquel,Matheus/Lívia,Matheus/Raquel,Matheus/Lívia,Matheus/Raquel,Matheus/Lívia,Matheus/Raquel,Matheus/Lívia
226,3.00,1.60,3.60,0.00,2.10,2.10,,2.10,2017/1,Lívia,7.45,,1.50,2.00,Matheus/Raquel,Matheus/Lívia,Matheus/Raquel,Matheus/Lívia,Matheus/Raquel,Matheus/Lívia,Matheus/Raquel,Matheus/Lívia
227,1.50,1.30,4.40,7.50,4.10,4.40,6.00,5.00,2017/1,Lívia,4.85,,1.90,6.50,Matheus/Raquel,Matheus/Lívia,Matheus/Raquel,Matheus/Lívia,Matheus/Raquel,Matheus/Lívia,Matheus/Raquel,Matheus/Lívia
228,9.20,7.10,7.60,8.10,7.10,7.80,,7.80,2017/1,Lívia,9.20,9.70,3.90,,Matheus/Raquel,Matheus/Lívia,Matheus/Raquel,Matheus/Lívia,Matheus/Raquel,Matheus/Lívia,Matheus/Raquel,Matheus/Lívia
229,9.30,9.60,8.30,9.90,9.00,9.10,,9.10,2017/1,Lívia,9.00,9.00,6.80,,Matheus/Raquel,Matheus/Lívia,Matheus/Raquel,Matheus/Lívia,Matheus/Raquel,Matheus/Lívia,Matheus/Raquel,Matheus/Lívia
230,9.10,6.50,5.50,8.50,7.40,7.20,,7.20,2017/1,Lívia,,8.20,0.00,8.30,Matheus/Raquel,Matheus/Lívia,Matheus/Raquel,Matheus/Lívia,Matheus/Raquel,Matheus/Lívia,Matheus/Raquel,Matheus/Lívia
231,8.80,6.20,8.30,9.20,7.70,8.20,,8.20,2017/1,Lívia,6.55,8.30,8.25,,Matheus/Raquel,Matheus/Lívia,Matheus/Raquel,Matheus/Lívia,Matheus/Raquel,Matheus/Lívia,Matheus/Raquel,Matheus/Lívia
232,1.60,2.80,4.60,0.00,4.80,2.90,,2.90,2017/1,Lívia,5.80,5.10,,2.80,Matheus/Raquel,Matheus/Lívia,Matheus/Raquel,Matheus/Lívia,Matheus/Raquel,Matheus/Lívia,Matheus/Raquel,Matheus/Lívia
233,1.50,1.30,,,,,,,2017/1,Lívia,6.95,,,,Matheus/Raquel,Matheus/Lívia,Matheus/Raquel,Matheus/Lívia,Matheus/Raquel,Matheus/Lívia,Matheus/Raquel,Matheus/Lívia
234,7.40,6.40,8.80,8.80,7.10,8.00,,8.00,2017/1,Lívia,8.80,8.90,8.65,,Matheus/Raquel,Matheus/Lívia,Matheus/Raquel,Matheus/Lívia,Matheus/Raquel,Matheus/Lívia,Matheus/Raquel,Matheus/Lívia
235,9.60,8.00,7.60,8.80,8.30,8.30,,8.30,2017/1,Lívia,7.75,8.80,6.30,,Matheus/Raquel,Matheus/Lívia,Matheus/Raquel,Matheus/Lívia,Matheus/Raquel,Matheus/Lívia,Matheus/Raquel,Matheus/Lívia
236,8.10,3.10,5.40,8.70,4.80,6.10,7.00,6.50,2017/1,Lívia,,4.70,4.05,7.50,Matheus/Raquel,Matheus/Lívia,Matheus/Raquel,Matheus/Lívia,Matheus/Raquel,Matheus/Lívia,Matheus/Raquel,Matheus/Lívia
237,9.50,5.40,8.20,8.80,6.50,7.80,,7.80,2017/1,Lívia,,8.20,7.30,9.00,Matheus/Raquel,Matheus/Lívia,Matheus/Raquel,Matheus/Lívia,Matheus/Raquel,Matheus/Lívia,Matheus/Raquel,Matheus/Lívia
238,4.00,4.60,7.70,8.80,7.20,7.00,,7.00,2017/1,Lívia,8.80,7.70,6.60,,Matheus/Raquel,Matheus/Lívia,Matheus/Raquel,Matheus/Lívia,Matheus/Raquel,Matheus/Lívia,Matheus/Raquel,Matheus/Lívia
239,4.40,2.60,1.00,7.20,1.50,3.20,,,2017/1,Lívia,0.00,3.00,0.00,,Matheus/Raquel,Matheus/Lívia,Matheus/Raquel,Matheus/Lívia,Matheus/Raquel,Matheus/Lívia,Matheus/Raquel,Matheus/Lívia
240,7.20,6.90,4.50,8.40,5.70,6.30,6.60,6.40,2017/1,Lívia,4.10,5.30,4.20,,Matheus/Raquel,Matheus/Lívia,Matheus/Raquel,Matheus/Lívia,Matheus/Raquel,Matheus/Lívia,Matheus/Raquel,Matheus/Lívia
241,7.30,6.10,,,,,,,2017/1,Lívia,7.30,4.30,,,Matheus/Raquel,Matheus/Lívia,Matheus/Raquel,Matheus/Lívia,Matheus/Raquel,Matheus/Lívia,Matheus/Raquel,Matheus/Lívia
242,3.90,2.10,3.60,8.10,1.90,4.20,3.40,3.90,2017/1,Lívia,,4.30,2.60,3.90,Matheus/Raquel,Matheus/Lívia,Matheus/Raquel,Matheus/Lívia,Matheus/Raquel,Matheus/Lívia,Matheus/Raquel,Matheus/Lívia
243,7.00,6.00,5.20,8.90,4.70,6.30,6.30,6.30,2017/1,Lívia,5.80,,3.00,6.80,Matheus/Raquel,Matheus/Lívia,Matheus/Raquel,Matheus/Lívia,Matheus/Raquel,Matheus/Lívia,Matheus/Raquel,Matheus/Lívia
244,3.30,5.40,4.60,7.80,7.00,5.80,8.20,6.80,2017/1,Lívia,5.30,5.90,2.60,,Matheus/Raquel,Matheus/Lívia,Matheus/Raquel,Matheus/Lívia,Matheus/Raquel,Matheus/Lívia,Matheus/Raquel,Matheus/Lívia
245,9.20,6.40,6.60,9.90,6.70,7.70,,7.70,2017/1,Lívia,7.00,7.50,5.50,,Matheus/Raquel,Matheus/Lívia,Matheus/Raquel,Matheus/Lívia,Matheus/Raquel,Matheus/Lívia,Matheus/Raquel,Matheus/Lívia
246,0.00,,,,,,,,2017/1,Lívia,,,,,Matheus/Raquel,Matheus/Lívia,Matheus/Raquel,Matheus/Lívia,Matheus/Raquel,Matheus/Lívia,Matheus/Raquel,Matheus/Lívia
247,7.90,5.50,5.60,8.60,6.30,6.70,8.10,7.30,2017/1,Lívia,4.95,6.60,5.25,,Matheus/Raquel,Matheus/Lívia,Matheus/Raquel,Matheus/Lívia,Matheus/Raquel,Matheus/Lívia,Matheus/Raquel,Matheus/Lívia
248,8.70,3.90,6.80,8.70,6.50,7.10,,7.10,2017/1,Lívia,7.65,6.90,5.80,,Matheus/Raquel,Matheus/Lívia,Matheus/Raquel,Matheus/Lívia,Matheus/Raquel,Matheus/Lívia,Matheus/Raquel,Matheus/Lívia
249,2.00,0.00,,,,,,,2017/1,Lívia,,0.80,,,Matheus/Raquel,Matheus/Lívia,Matheus/Raquel,Matheus/Lívia,Matheus/Raquel,Matheus/Lívia,Matheus/Raquel,Matheus/Lívia
250,9.60,9.00,7.60,9.60,8.30,8.60,,8.60,2017/1,Lívia,9.40,7.00,6.40,,Matheus/Raquel,Matheus/Lívia,Matheus/Raquel,Matheus/Lívia,Matheus/Raquel,Matheus/Lívia,Matheus/Raquel,Matheus/Lívia
251,8.10,8.10,6.60,8.60,6.00,7.30,,7.30,2017/1,Lívia,6.20,7.80,5.85,,Matheus/Raquel,Matheus/Lívia,Matheus/Raquel,Matheus/Lívia,Matheus/Raquel,Matheus/Lívia,Matheus/Raquel,Matheus/Lívia
252,2.37,2.50,3.40,0.00,1.70,2.01,,2.01,2017/1,Raquel,1.90,,3.40,,Matheus/Raquel,Matheus/Lívia,Matheus/Raquel,Matheus/Lívia,Matheus/Raquel,Matheus/Lívia,Matheus/Raquel,Matheus/Lívia
253,1.24,2.00,0.00,4.90,5.30,2.62,,2.62,2017/1,Raquel,0.00,0.00,0.00,,Matheus/Raquel,Matheus/Lívia,Matheus/Raquel,Matheus/Lívia,Matheus/Raquel,Matheus/Lívia,Matheus/Raquel,Matheus/Lívia
254,8.62,6.80,8.40,9.60,8.00,8.44,,8.44,2017/1,Raquel,6.80,6.70,,8.40,Matheus/Raquel,Matheus/Lívia,Matheus/Raquel,Matheus/Lívia,Matheus/Raquel,Matheus/Lívia,Matheus/Raquel,Matheus/Lívia
255,1.76,5.88,7.17,4.90,6.10,5.61,5.70,5.64,2017/1,Raquel,,7.90,5.90,7.70,Matheus/Raquel,Matheus/Lívia,Matheus/Raquel,Matheus/Lívia,Matheus/Raquel,Matheus/Lívia,Matheus/Raquel,Matheus/Lívia
256,,,,,,,,,2017/1,Raquel,,,,,Matheus/Raquel,Matheus/Lívia,Matheus/Raquel,Matheus/Lívia,Matheus/Raquel,Matheus/Lívia,Matheus/Raquel,Matheus/Lívia
257,8.20,8.20,7.70,8.20,5.90,7.58,,7.58,2017/1,Raquel,8.90,8.30,5.90,,Matheus/Raquel,Matheus/Lívia,Matheus/Raquel,Matheus/Lívia,Matheus/Raquel,Matheus/Lívia,Matheus/Raquel,Matheus/Lívia
258,,,0.00,,,,,,2017/1,Raquel,,,,,Matheus/Raquel,Matheus/Lívia,Matheus/Raquel,Matheus/Lívia,Matheus/Raquel,Matheus/Lívia,Matheus/Raquel,Matheus/Lívia
259,1.94,3.30,4.40,7.20,3.40,4.44,1.80,3.39,2017/1,Raquel,5.10,,3.00,5.10,Matheus/Raquel,Matheus/Lívia,Matheus/Raquel,Matheus/Lívia,Matheus/Raquel,Matheus/Lívia,Matheus/Raquel,Matheus/Lívia
260,4.69,4.75,4.17,7.60,4.50,5.19,4.90,5.07,2017/1,Raquel,5.80,3.50,3.20,,Matheus/Raquel,Matheus/Lívia,Matheus/Raquel,Matheus/Lívia,Matheus/Raquel,Matheus/Lívia,Matheus/Raquel,Matheus/Lívia
261,2.14,5.00,6.37,7.70,,5.93,5.40,5.72,2017/1,Raquel,,6.40,5.90,6.80,Matheus/Raquel,Matheus/Lívia,Matheus/Raquel,Matheus/Lívia,Matheus/Raquel,Matheus/Lívia,Matheus/Raquel,Matheus/Lívia
262,,,0.00,,,,,,2017/1,Raquel,,,,,Matheus/Raquel,Matheus/Lívia,Matheus/Raquel,Matheus/Lívia,Matheus/Raquel,Matheus/Lívia,Matheus/Raquel,Matheus/Lívia
263,,,0.00,,,,,,2017/1,Raquel,,,,,Matheus/Raquel,Matheus/Lívia,Matheus/Raquel,Matheus/Lívia,Matheus/Raquel,Matheus/Lívia,Matheus/Raquel,Matheus/Lívia
264,,,0.00,,,,,,2017/1,Raquel,,,,,Matheus/Raquel,Matheus/Lívia,Matheus/Raquel,Matheus/Lívia,Matheus/Raquel,Matheus/Lívia,Matheus/Raquel,Matheus/Lívia
265,1.52,5.63,2.13,5.70,4.50,3.81,,3.81,2017/1,Raquel,,4.50,,1.90,Matheus/Raquel,Matheus/Lívia,Matheus/Raquel,Matheus/Lívia,Matheus/Raquel,Matheus/Lívia,Matheus/Raquel,Matheus/Lívia
266,0.00,0.63,0.23,4.70,2.50,1.78,,1.78,2017/1,Raquel,,0.70,0.00,,Matheus/Raquel,Matheus/Lívia,Matheus/Raquel,Matheus/Lívia,Matheus/Raquel,Matheus/Lívia,Matheus/Raquel,Matheus/Lívia
267,1.58,4.53,5.83,8.90,6.70,6.07,5.40,5.80,2017/1,Raquel,4.90,7.00,5.60,,Matheus/Raquel,Matheus/Lívia,Matheus/Raquel,Matheus/Lívia,Matheus/Raquel,Matheus/Lívia,Matheus/Raquel,Matheus/Lívia
268,4.25,2.38,1.77,7.60,5.50,4.28,4.60,4.41,2017/1,Raquel,,,1.20,4.10,Matheus/Raquel,Matheus/Lívia,Matheus/Raquel,Matheus/Lívia,Matheus/Raquel,Matheus/Lívia,Matheus/Raquel,Matheus/Lívia
269,0.00,0.50,0.00,,,0.06,,,2017/1,Raquel,,,,,Matheus/Raquel,Matheus/Lívia,Matheus/Raquel,Matheus/Lívia,Matheus/Raquel,Matheus/Lívia,Matheus/Raquel,Matheus/Lívia
270,,,0.00,,,,,,2017/1,Raquel,,,,,Matheus/Raquel,Matheus/Lívia,Matheus/Raquel,Matheus/Lívia,Matheus/Raquel,Matheus/Lívia,Matheus/Raquel,Matheus/Lívia
271,9.11,4.40,7.57,9.30,6.30,7.53,,7.53,2017/1,Raquel,9.60,8.30,,4.80,Matheus/Raquel,Matheus/Lívia,Matheus/Raquel,Matheus/Lívia,Matheus/Raquel,Matheus/Lívia,Matheus/Raquel,Matheus/Lívia
272,9.94,8.95,9.50,9.90,9.40,9.56,,9.56,2017/1,Raquel,9.40,9.60,9.50,,Matheus/Raquel,Matheus/Lívia,Matheus/Raquel,Matheus/Lívia,Matheus/Raquel,Matheus/Lívia,Matheus/Raquel,Matheus/Lívia
273,6.19,2.50,3.95,2.00,6.13,4.01,5.40,,2017/2,Matheus,3.20,,3.95,,Matheus/Lívia,Matheus,Lívia,Matheus,Matheus/Lívia,Matheus,Lívia,Matheus
274,9.34,9.75,8.90,9.83,8.75,9.25,,,2017/2,Matheus,8.80,9.00,8.90,,Matheus/Lívia,Matheus,Lívia,Matheus,Matheus/Lívia,Matheus,Lívia,Matheus
275,9.88,10.00,10.15,9.53,8.28,9.57,,,2017/2,Matheus,9.20,9.30,10.15,,Matheus/Lívia,Matheus,Lívia,Matheus,Matheus/Lívia,Matheus,Lívia,Matheus
276,4.14,5.75,9.90,8.58,8.78,8.17,,,2017/2,Matheus,9.70,9.60,9.90,,Matheus/Lívia,Matheus,Lívia,Matheus,Matheus/Lívia,Matheus,Lívia,Matheus
277,6.41,4.25,6.05,9.33,5.23,6.50,6.20,,2017/2,Matheus,6.40,,6.05,,Matheus/Lívia,Matheus,Lívia,Matheus,Matheus/Lívia,Matheus,Lívia,Matheus
278,9.61,10.00,9.08,9.83,7.60,9.14,,,2017/2,Matheus,0.00,9.60,8.15,9.50,Matheus/Lívia,Matheus,Lívia,Matheus,Matheus/Lívia,Matheus,Lívia,Matheus
279,9.24,9.50,10.30,9.48,7.65,9.35,,,2017/2,Matheus,10.00,8.70,10.30,,Matheus/Lívia,Matheus,Lívia,Matheus,Matheus/Lívia,Matheus,Lívia,Matheus
280,9.94,9.75,10.10,9.23,8.85,9.58,,,2017/2,Matheus,10.00,9.70,10.10,,Matheus/Lívia,Matheus,Lívia,Matheus,Matheus/Lívia,Matheus,Lívia,Matheus
281,9.29,9.50,9.58,9.17,9.20,9.36,,,2017/2,Matheus,10.00,9.85,8.90,,Matheus/Lívia,Matheus,Lívia,Matheus,Matheus/Lívia,Matheus,Lívia,Matheus
282,9.20,2.50,7.15,8.58,6.70,7.09,,,2017/2,Matheus,6.10,6.10,7.15,,Matheus/Lívia,Matheus,Lívia,Matheus,Matheus/Lívia,Matheus,Lívia,Matheus
283,7.15,8.25,8.65,7.80,7.03,7.89,,,2017/2,Matheus,8.30,9.30,,8.34,Matheus/Lívia,Matheus,Lívia,Matheus,Matheus/Lívia,Matheus,Lívia,Matheus
284,9.98,9.75,9.13,9.63,7.98,9.19,,,2017/2,Matheus,9.70,9.50,8.20,,Matheus/Lívia,Matheus,Lívia,Matheus,Matheus/Lívia,Matheus,Lívia,Matheus
285,4.24,0.25,0.00,,,0.54,,,2017/2,Matheus,,,,,Matheus/Lívia,Matheus,Lívia,Matheus,Matheus/Lívia,Matheus,Lívia,Matheus
286,6.98,8.50,8.32,9.28,7.30,8.20,,,2017/2,Matheus,10.00,9.10,5.85,,Matheus/Lívia,Matheus,Lívia,Matheus,Matheus/Lívia,Matheus,Lívia,Matheus
287,4.84,1.75,3.17,,1.98,2.20,,,2017/2,Matheus,9.50,,,,Matheus/Lívia,Matheus,Lívia,Matheus,Matheus/Lívia,Matheus,Lívia,Matheus
288,9.39,8.50,8.55,7.98,5.93,7.98,,,2017/2,Matheus,8.00,5.90,8.55,,Matheus/Lívia,Matheus,Lívia,Matheus,Matheus/Lívia,Matheus,Lívia,Matheus
289,2.10,0.00,0.00,7.58,0.93,2.26,,,2017/2,Matheus,,,,,Matheus/Lívia,Matheus,Lívia,Matheus,Matheus/Lívia,Matheus,Lívia,Matheus
290,4.55,7.00,4.13,8.40,7.08,6.14,6.20,,2017/2,Matheus,2.40,,3.10,6.90,Matheus/Lívia,Matheus,Lívia,Matheus,Matheus/Lívia,Matheus,Lívia,Matheus
291,4.93,7.25,7.77,7.90,6.75,7.19,,,2017/2,Matheus,8.40,8.90,,6.00,Matheus/Lívia,Matheus,Lívia,Matheus,Matheus/Lívia,Matheus,Lívia,Matheus
292,7.42,9.25,8.40,9.43,8.58,8.67,,,2017/2,Matheus,,8.80,8.40,7.88,Matheus/Lívia,Matheus,Lívia,Matheus,Matheus/Lívia,Matheus,Lívia,Matheus
293,9.16,9.00,8.77,9.85,9.43,9.23,,,2017/2,Matheus,8.20,9.40,8.70,,Matheus/Lívia,Matheus,Lívia,Matheus,Matheus/Lívia,Matheus,Lívia,Matheus
294,4.66,5.25,5.98,,4.00,3.90,,,2017/2,Matheus,8.80,9.15,,,Matheus/Lívia,Matheus,Lívia,Matheus,Matheus/Lívia,Matheus,Lívia,Matheus
295,9.26,9.00,9.33,9.35,9.05,9.23,,,2017/2,Matheus,10.00,9.70,8.30,,Matheus/Lívia,Matheus,Lívia,Matheus,Matheus/Lívia,Matheus,Lívia,Matheus
296,7.06,8.00,8.53,8.44,6.08,7.78,,,2017/2,Matheus,10.00,8.20,7.40,,Matheus/Lívia,Matheus,Lívia,Matheus,Matheus/Lívia,Matheus,Lívia,Matheus
297,8.20,5.50,7.25,9.43,5.95,7.42,,,2017/2,Matheus,4.00,,7.25,9.08,Matheus/Lívia,Matheus,Lívia,Matheus,Matheus/Lívia,Matheus,Lívia,Matheus
298,9.91,10.00,9.80,9.53,9.00,9.61,,,2017/2,Matheus,9.40,8.70,9.80,,Matheus/Lívia,Matheus,Lívia,Matheus,Matheus/Lívia,Matheus,Lívia,Matheus
299,9.20,4.75,9.50,9.33,8.83,8.72,,,2017/2,Matheus,8.20,9.70,,9.50,Matheus/Lívia,Matheus,Lívia,Matheus,Matheus/Lívia,Matheus,Lívia,Matheus
300,0.00,0.00,0.00,,,0.00,,,2017/2,Matheus,,,,,Matheus/Lívia,Matheus,Lívia,Matheus,Matheus/Lívia,Matheus,Lívia,Matheus
301,2.20,0.00,0.00,,1.68,0.60,,,2017/2,Matheus,,,,,Matheus/Lívia,Matheus,Lívia,Matheus,Matheus/Lívia,Matheus,Lívia,Matheus
302,8.55,9.50,7.80,9.05,6.98,8.23,,,2017/2,Matheus,4.20,,7.80,,Matheus/Lívia,Matheus,Lívia,Matheus,Matheus/Lívia,Matheus,Lívia,Matheus
303,8.05,8.50,8.90,8.64,7.00,8.31,,,2017/2,Matheus,4.50,8.80,,8.90,Matheus/Lívia,Matheus,Lívia,Matheus,Matheus/Lívia,Matheus,Lívia,Matheus
304,9.58,6.75,9.95,9.60,7.13,8.87,,,2017/2,Matheus,,9.70,9.95,8.59,Matheus/Lívia,Matheus,Lívia,Matheus,Matheus/Lívia,Matheus,Lívia,Matheus
305,3.53,0.50,5.18,,3.95,2.93,,,2017/2,Matheus,,1.10,,5.18,Matheus/Lívia,Matheus,Lívia,Matheus,Matheus/Lívia,Matheus,Lívia,Matheus
306,9.63,9.25,8.68,8.90,7.98,8.77,,,2017/2,Matheus,9.20,8.25,8.60,,Matheus/Lívia,Matheus,Lívia,Matheus,Matheus/Lívia,Matheus,Lívia,Matheus
307,9.11,9.75,8.73,9.85,8.15,9.05,,,2017/2,Matheus,9.20,10.00,7.00,,Matheus/Lívia,Matheus,Lívia,Matheus,Matheus/Lívia,Matheus,Lívia,Matheus
308,9.70,9.75,8.50,9.60,8.88,9.13,,,2017/2,Matheus,8.80,9.70,7.00,,Matheus/Lívia,Matheus,Lívia,Matheus,Matheus/Lívia,Matheus,Lívia,Matheus
309,7.38,9.25,8.05,9.15,8.20,8.41,,,2017/2,Matheus,9.60,,8.05,,Matheus/Lívia,Matheus,Lívia,Matheus,Matheus/Lívia,Matheus,Lívia,Matheus
310,9.46,9.75,9.78,9.60,8.90,9.52,,,2017/2,Matheus,9.90,10.00,9.45,,Matheus/Lívia,Matheus,Lívia,Matheus,Matheus/Lívia,Matheus,Lívia,Matheus
311,9.66,9.75,9.85,8.86,9.05,9.42,,,2017/2,Matheus,7.40,9.35,9.85,,Matheus/Lívia,Matheus,Lívia,Matheus,Matheus/Lívia,Matheus,Lívia,Matheus
312,6.66,10.00,8.25,9.68,9.05,8.77,,,2017/2,Matheus,9.80,6.45,8.25,,Matheus/Lívia,Matheus,Lívia,Matheus,Matheus/Lívia,Matheus,Lívia,Matheus
313,9.93,10.00,10.30,9.75,9.03,9.83,,,2017/2,Matheus,9.00,10.00,10.30,,Matheus/Lívia,Matheus,Lívia,Matheus,Matheus/Lívia,Matheus,Lívia,Matheus
314,9.68,10.00,9.17,9.50,8.45,9.26,,,2017/2,Matheus,10.00,9.70,7.80,,Matheus/Lívia,Matheus,Lívia,Matheus,Matheus/Lívia,Matheus,Lívia,Matheus
315,7.38,10.00,8.62,8.86,8.88,8.74,,,2017/2,Matheus,9.00,9.60,7.25,,Matheus/Lívia,Matheus,Lívia,Matheus,Matheus/Lívia,Matheus,Lívia,Matheus
316,9.63,10.00,9.13,9.68,9.30,9.46,,,2017/2,Matheus,10.00,10.00,7.40,,Matheus/Lívia,Matheus,Lívia,Matheus,Matheus/Lívia,Matheus,Lívia,Matheus
317,9.84,10.00,10.50,9.68,8.63,9.79,,,2017/2,Matheus,9.00,10.00,10.50,,Matheus/Lívia,Matheus,Lívia,Matheus,Matheus/Lívia,Matheus,Lívia,Matheus
318,9.84,10.00,9.70,9.85,9.03,9.65,,,2017/2,Matheus,10.00,10.00,9.10,,Matheus/Lívia,Matheus,Lívia,Matheus,Matheus/Lívia,Matheus,Lívia,Matheus
319,9.40,9.75,7.73,8.90,8.23,8.55,,,2017/2,Matheus,9.40,9.70,4.10,,Matheus/Lívia,Matheus,Lívia,Matheus,Matheus/Lívia,Matheus,Lívia,Matheus
320,8.75,10.00,9.10,9.55,9.08,9.27,,,2017/2,Matheus,8.80,9.60,8.90,,Matheus/Lívia,Matheus,Lívia,Matheus,Matheus/Lívia,Matheus,Lívia,Matheus
321,6.55,6.25,6.92,9.53,6.78,7.39,,,2017/2,Matheus,5.40,,6.85,8.52,Matheus/Lívia,Matheus,Lívia,Matheus,Matheus/Lívia,Matheus,Lívia,Matheus
322,9.08,9.50,8.48,9.48,9.02,9.02,,,2017/2,Matheus,10.00,9.00,6.45,,Matheus/Lívia,Matheus,Lívia,Matheus,Matheus/Lívia,Matheus,Lívia,Matheus
323,9.69,10.00,9.13,9.85,9.05,9.46,,,2017/2,Matheus,9.60,9.60,8.20,,Matheus/Lívia,Matheus,Lívia,Matheus,Matheus/Lívia,Matheus,Lívia,Matheus
324,9.80,9.75,9.25,9.55,9.05,9.41,,,2017/2,Matheus,9.60,9.30,8.85,,Matheus/Lívia,Matheus,Lívia,Matheus,Matheus/Lívia,Matheus,Lívia,Matheus
325,8.60,10.00,8.35,8.86,6.95,8.42,,,2017/2,Matheus,6.90,8.40,,8.35,Matheus/Lívia,Matheus,Lívia,Matheus,Matheus/Lívia,Matheus,Lívia,Matheus
326,7.40,10.00,10.50,9.83,8.70,9.55,,,2017/2,Matheus,9.30,10.00,10.50,,Matheus/Lívia,Matheus,Lívia,Matheus,Matheus/Lívia,Matheus,Lívia,Matheus
327,9.90,9.75,9.95,9.75,8.95,9.67,,,2017/2,Matheus,10.00,10.00,9.85,,Matheus/Lívia,Matheus,Lívia,Matheus,Matheus/Lívia,Matheus,Lívia,Matheus
328,9.28,9.75,9.15,9.85,7.68,9.11,,,2017/2,Matheus,6.70,8.10,9.15,,Matheus/Lívia,Matheus,Lívia,Matheus,Matheus/Lívia,Matheus,Lívia,Matheus
329,9.36,9.75,6.53,9.35,7.50,8.13,,,2017/2,Matheus,8.00,6.60,5.00,,Matheus/Lívia,Matheus,Lívia,Matheus,Matheus/Lívia,Matheus,Lívia,Matheus
330,9.90,10.00,9.40,9.85,9.60,9.68,,,2017/2,Matheus,9.80,10.00,8.40,,Matheus/Lívia,Matheus,Lívia,Matheus,Matheus/Lívia,Matheus,Lívia,Matheus
331,9.48,10.00,9.18,9.50,9.38,9.43,,,2017/2,Matheus,9.80,9.70,8.05,,Matheus/Lívia,Matheus,Lívia,Matheus,Matheus/Lívia,Matheus,Lívia,Matheus
332,9.21,6.50,9.50,9.55,8.25,8.87,,,2017/2,Matheus,7.50,10.00,,9.50,Matheus/Lívia,Matheus,Lívia,Matheus,Matheus/Lívia,Matheus,Lívia,Matheus
333,9.43,10.00,10.10,9.68,8.40,9.57,,,2017/2,Matheus,9.10,10.00,10.10,,Matheus/Lívia,Matheus,Lívia,Matheus,Matheus/Lívia,Matheus,Lívia,Matheus
334,9.52,9.50,8.75,9.75,8.25,9.07,,,2017/2,Matheus,7.50,10.00,8.75,,Matheus/Lívia,Matheus,Lívia,Matheus,Matheus/Lívia,Matheus,Lívia,Matheus
335,5.28,3.25,5.20,9.35,5.10,5.95,4.00,,2017/2,Matheus,4.80,4.80,,5.20,Matheus/Lívia,Matheus,Lívia,Matheus,Matheus/Lívia,Matheus,Lívia,Matheus
336,8.73,9.50,9.17,9.35,8.88,9.14,,,2017/2,Matheus,8.90,10.00,8.60,,Matheus/Lívia,Matheus,Lívia,Matheus,Matheus/Lívia,Matheus,Lívia,Matheus
337,9.54,9.50,9.75,9.83,9.13,9.59,,,2017/2,Matheus,10.00,9.70,9.55,,Matheus/Lívia,Matheus,Lívia,Matheus,Matheus/Lívia,Matheus,Lívia,Matheus
338,5.00,5.25,4.87,9.23,5.98,6.20,7.50,,2017/2,Matheus,6.00,4.90,3.70,,Matheus/Lívia,Matheus,Lívia,Matheus,Matheus/Lívia,Matheus,Lívia,Matheus
339,6.30,,2.60,4.60,1.75,3.56,3.26,3.44,2019/1,Eliane,3.35,1.75,,0.00,Eliane,Matheus,,Matheus,Eliane,Eliane,Eliane,Eliane
340,6.80,,7.10,9.40,6.20,7.77,,7.77,2019/1,Eliane,8.00,0.00,,6.20,Eliane,Matheus,,Matheus,Eliane,Eliane,Eliane,Eliane
341,8.40,,6.90,8.60,5.80,7.58,,7.58,2019/1,Eliane,8.05,5.80,,0.00,Eliane,Matheus,,Matheus,Eliane,Eliane,Eliane,Eliane
342,2.40,,0.00,0.00,0.00,0.24,,0.24,2019/1,Eliane,0.00,0.00,,0.00,Eliane,Matheus,,Matheus,Eliane,Eliane,Eliane,Eliane
343,6.70,,4.20,9.40,4.20,6.02,7.30,6.53,2019/1,Eliane,3.65,0.00,,4.20,Eliane,Matheus,,Matheus,Eliane,Eliane,Eliane,Eliane
344,8.60,,9.30,9.30,9.30,9.24,,9.24,2019/1,Eliane,8.30,9.30,,0.00,Eliane,Matheus,,Matheus,Eliane,Eliane,Eliane,Eliane
345,5.00,,0.90,0.00,0.00,1.04,,1.04,2019/1,Eliane,1.80,0.00,,0.00,Eliane,Matheus,,Matheus,Eliane,Eliane,Eliane,Eliane
346,8.10,,8.20,8.20,8.20,8.18,,8.18,2019/1,Eliane,8.00,8.20,,0.00,Eliane,Matheus,,Matheus,Eliane,Eliane,Eliane,Eliane
347,5.20,,5.10,5.00,5.10,5.09,2.95,4.23,2019/1,Eliane,0.00,5.10,,0.00,Eliane,Matheus,,Matheus,Eliane,Eliane,Eliane,Eliane
348,4.10,,5.10,4.00,5.10,4.67,4.00,4.40,2019/1,Eliane,0.90,5.10,,0.00,Eliane,Matheus,,Matheus,Eliane,Eliane,Eliane,Eliane
349,6.30,,7.20,0.60,7.24,5.14,5.00,5.08,2019/1,Eliane,5.60,0.00,,7.24,Eliane,Matheus,,Matheus,Eliane,Eliane,Eliane,Eliane
350,5.50,,6.80,2.10,6.30,5.29,,5.29,2019/1,Eliane,7.35,6.30,,0.00,Eliane,Matheus,,Matheus,Eliane,Eliane,Eliane,Eliane
351,0.20,,0.00,0.00,0.00,0.02,,0.02,2019/1,Eliane,0.00,0.00,,0.00,Eliane,Matheus,,Matheus,Eliane,Eliane,Eliane,Eliane
352,3.60,,9.10,4.00,9.10,7.01,,7.01,2019/1,Eliane,7.95,9.10,,0.00,Eliane,Matheus,,Matheus,Eliane,Eliane,Eliane,Eliane
353,5.30,,4.40,4.80,3.90,4.59,6.10,5.19,2019/1,Eliane,4.85,0.00,,3.90,Eliane,Matheus,,Matheus,Eliane,Eliane,Eliane,Eliane
354,4.90,,2.00,0.60,2.00,1.86,,1.86,2019/1,Eliane,0.00,0.00,,2.00,Eliane,Matheus,,Matheus,Eliane,Eliane,Eliane,Eliane
355,9.80,,5.50,7.60,5.20,6.54,6.30,6.44,2019/1,Eliane,5.70,0.00,,5.20,Eliane,Matheus,,Matheus,Eliane,Eliane,Eliane,Eliane
356,0.00,,0.00,0.00,0.00,0.00,,0.00,2019/1,Eliane,0.00,0.00,,0.00,Eliane,Matheus,,Matheus,Eliane,Eliane,Eliane,Eliane
357,6.70,,4.30,7.00,4.30,5.34,4.40,4.96,2019/1,Eliane,0.00,4.30,,0.00,Eliane,Matheus,,Matheus,Eliane,Eliane,Eliane,Eliane
358,3.20,,1.60,0.00,1.00,1.26,,1.26,2019/1,Eliane,2.10,1.00,,0.00,Eliane,Matheus,,Matheus,Eliane,Eliane,Eliane,Eliane
359,8.30,,6.00,5.30,5.00,6.03,8.50,7.02,2019/1,Eliane,7.05,5.00,,0.00,Eliane,Matheus,,Matheus,Eliane,Eliane,Eliane,Eliane
360,9.80,,8.70,8.60,8.70,8.78,,8.78,2019/1,Eliane,7.25,8.70,,0.00,Eliane,Matheus,,Matheus,Eliane,Eliane,Eliane,Eliane
361,9.60,,5.80,8.60,5.19,7.01,,7.01,2019/1,Eliane,6.35,5.19,,0.00,Eliane,Matheus,,Matheus,Eliane,Eliane,Eliane,Eliane
362,7.10,,2.00,5.30,1.00,3.46,,3.46,2019/1,Eliane,2.90,1.00,,0.00,Eliane,Matheus,,Matheus,Eliane,Eliane,Eliane,Eliane
363,8.30,,5.00,9.30,5.00,6.63,7.90,7.14,2019/1,Eliane,4.20,0.00,,5.00,Eliane,Matheus,,Matheus,Eliane,Eliane,Eliane,Eliane
364,3.50,,2.90,4.00,2.90,3.28,,3.28,2019/1,Eliane,2.15,2.90,,0.00,Eliane,Matheus,,Matheus,Eliane,Eliane,Eliane,Eliane
365,0.00,,0.00,0.00,0.00,0.00,,0.00,2019/1,Eliane,0.00,0.00,,0.00,Eliane,Matheus,,Matheus,Eliane,Eliane,Eliane,Eliane
366,5.20,,2.30,4.90,2.00,3.38,,3.38,2019/1,Eliane,2.61,0.00,,2.00,Eliane,Matheus,,Matheus,Eliane,Eliane,Eliane,Eliane
367,10.00,,8.90,9.10,8.45,9.08,,9.08,2019/1,Eliane,9.35,8.45,,0.00,Eliane,Matheus,,Matheus,Eliane,Eliane,Eliane,Eliane
368,8.10,,0.00,0.00,0.00,0.81,,0.81,2019/1,Eliane,0.00,0.00,,0.00,Eliane,Matheus,,Matheus,Eliane,Eliane,Eliane,Eliane
369,0.00,,0.00,0.00,0.00,0.00,,0.00,2019/1,Eliane,0.00,0.00,,0.00,Eliane,Matheus,,Matheus,Eliane,Eliane,Eliane,Eliane
370,5.40,,7.30,7.10,7.30,7.04,,7.04,2019/1,Eliane,7.30,7.30,,0.00,Eliane,Matheus,,Matheus,Eliane,Eliane,Eliane,Eliane
371,5.20,,5.00,5.30,4.30,5.09,7.30,5.97,2019/1,Eliane,5.60,4.30,,0.00,Eliane,Matheus,,Matheus,Eliane,Eliane,Eliane,Eliane
372,5.90,,1.40,3.30,1.40,2.42,,2.42,2019/1,Eliane,0.00,1.00,,1.40,Eliane,Matheus,,Matheus,Eliane,Eliane,Eliane,Eliane
373,6.90,,6.60,9.40,6.60,7.48,,7.48,2019/1,Eliane,2.85,0.00,,6.60,Eliane,Matheus,,Matheus,Eliane,Eliane,Eliane,Eliane
374,5.10,,2.70,7.20,2.70,4.28,4.60,4.41,2019/1,Lívia,0.00,0.00,,2.70,Eliane,Matheus,,Matheus,Lívia,Lívia,Lívia,Lívia
375,2.20,,0.00,0.00,0.00,0.22,,0.22,2019/1,Lívia,0.00,,,,Eliane,Matheus,,Matheus,Lívia,Lívia,Lívia,Lívia
376,6.40,,4.90,4.80,2.50,5.00,4.90,4.96,2019/1,Lívia,7.25,2.50,,,Eliane,Matheus,,Matheus,Lívia,Lívia,Lívia,Lívia
377,9.70,,6.90,4.60,6.10,6.49,9.35,7.63,2019/1,Lívia,7.70,6.10,,,Eliane,Matheus,,Matheus,Lívia,Lívia,Lívia,Lívia
378,0.00,,0.00,0.00,0.00,0.00,,0.00,2019/1,Lívia,0.00,,,,Eliane,Matheus,,Matheus,Lívia,Lívia,Lívia,Lívia
379,4.80,,4.10,0.50,2.95,3.08,,3.08,2019/1,Lívia,5.20,2.95,,,Eliane,Matheus,,Matheus,Lívia,Lívia,Lívia,Lívia
380,0.00,,0.00,0.00,0.00,0.00,,0.00,2019/1,Lívia,0.00,,,,Eliane,Matheus,,Matheus,Lívia,Lívia,Lívia,Lívia
381,1.90,,0.00,0.00,0.00,0.20,,0.20,2019/1,Lívia,0.00,,,,Eliane,Matheus,,Matheus,Lívia,Lívia,Lívia,Lívia
382,9.00,,6.80,9.40,6.80,7.81,,7.81,2019/1,Lívia,6.25,6.80,,,Eliane,Matheus,,Matheus,Lívia,Lívia,Lívia,Lívia
383,4.60,,5.60,4.90,3.75,5.31,5.45,5.37,2019/1,Lívia,7.50,0.00,,3.75,Eliane,Matheus,,Matheus,Lívia,Lívia,Lívia,Lívia
384,7.40,,6.40,5.40,6.40,6.22,9.35,7.47,2019/1,Lívia,6.00,6.40,,,Eliane,Matheus,,Matheus,Lívia,Lívia,Lívia,Lívia
385,9.10,,6.50,7.60,6.50,7.10,,7.10,2019/1,Lívia,0.00,6.50,,,Eliane,Matheus,,Matheus,Lívia,Lívia,Lívia,Lívia
386,5.20,,5.00,4.90,5.00,5.00,4.95,4.98,2019/1,Lívia,4.00,0.00,,5.00,Eliane,Matheus,,Matheus,Lívia,Lívia,Lívia,Lívia
387,5.50,,4.80,5.30,4.75,5.00,5.75,5.30,2019/1,Lívia,4.15,4.75,,,Eliane,Matheus,,Matheus,Lívia,Lívia,Lívia,Lívia
388,5.10,,1.50,2.10,1.45,2.02,,2.02,2019/1,Lívia,0.00,0.00,,1.45,Eliane,Matheus,,Matheus,Lívia,Lívia,Lívia,Lívia
389,5.90,,5.30,9.20,5.25,6.49,3.40,5.25,2019/1,Lívia,3.15,0.00,,5.25,Eliane,Matheus,,Matheus,Lívia,Lívia,Lívia,Lívia
390,8.70,,8.70,6.00,8.10,7.86,,7.86,2019/1,Lívia,9.25,8.10,,,Eliane,Matheus,,Matheus,Lívia,Lívia,Lívia,Lívia
391,1.40,,0.00,0.00,0.00,0.15,,0.15,2019/1,Lívia,0.00,,,,Eliane,Matheus,,Matheus,Lívia,Lívia,Lívia,Lívia
392,2.80,,0.50,0.00,0.00,0.60,,0.60,2019/1,Lívia,1.05,0.00,,0.00,Eliane,Matheus,,Matheus,Lívia,Lívia,Lívia,Lívia
393,7.00,,6.60,7.20,6.30,6.83,8.00,7.30,2019/1,Lívia,6.95,0.00,,6.30,Eliane,Matheus,,Matheus,Lívia,Lívia,Lívia,Lívia
394,9.40,,8.90,7.60,8.85,8.53,,8.53,2019/1,Lívia,8.45,8.85,,,Eliane,Matheus,,Matheus,Lívia,Lívia,Lívia,Lívia
395,9.00,,9.80,7.00,9.75,8.84,,8.84,2019/1,Lívia,7.70,9.75,,,Eliane,Matheus,,Matheus,Lívia,Lívia,Lívia,Lívia
396,6.00,,7.40,4.90,7.40,6.52,6.05,6.33,2019/1,Lívia,6.20,0.00,,7.40,Eliane,Matheus,,Matheus,Lívia,Lívia,Lívia,Lívia
397,0.00,,1.00,0.00,1.00,0.60,,0.60,2019/1,Lívia,0.00,0.00,,1.00,Eliane,Matheus,,Matheus,Lívia,Lívia,Lívia,Lívia
398,5.10,,0.80,0.00,0.00,0.96,,0.96,2019/1,Lívia,1.50,0.00,,0.00,Eliane,Matheus,,Matheus,Lívia,Lívia,Lívia,Lívia
399,2.30,,0.60,0.00,0.00,0.61,,0.61,2019/1,Lívia,1.25,0.00,,0.00,Eliane,Matheus,,Matheus,Lívia,Lívia,Lívia,Lívia
400,8.70,,6.00,9.40,4.50,7.31,,7.31,2019/1,Lívia,7.55,4.50,,,Eliane,Matheus,,Matheus,Lívia,Lívia,Lívia,Lívia
401,3.80,,2.90,0.00,1.00,2.11,,2.11,2019/1,Lívia,4.75,0.00,,1.00,Eliane,Matheus,,Matheus,Lívia,Lívia,Lívia,Lívia
402,9.20,,9.10,3.60,9.05,7.43,,7.43,2019/1,Lívia,8.20,9.05,,,Eliane,Matheus,,Matheus,Lívia,Lívia,Lívia,Lívia
403,1.60,,0.50,0.50,0.50,0.63,,0.63,2019/1,Lívia,0.00,0.50,,,Eliane,Matheus,,Matheus,Lívia,Lívia,Lívia,Lívia
404,9.80,,5.60,7.70,5.30,6.66,8.85,7.54,2019/1,Lívia,5.95,5.30,,,Eliane,Matheus,,Matheus,Lívia,Lívia,Lívia,Lívia
405,0.00,,2.50,0.00,2.50,1.50,,1.50,2019/1,Lívia,0.00,0.00,,2.50,Eliane,Matheus,,Matheus,Lívia,Lívia,Lívia,Lívia
406,0.00,,0.00,0.00,0.00,0.00,,0.00,2019/1,Lívia,0.00,,,,Eliane,Matheus,,Matheus,Lívia,Lívia,Lívia,Lívia
407,7.20,,7.80,5.30,7.80,7.00,,7.00,2019/1,Matheus,6.55,7.80,,0.00,Eliane,Matheus,,Matheus,Matheus,Matheus,Matheus,Matheus
408,8.70,,8.20,7.20,8.20,7.94,,7.94,2019/1,Matheus,6.25,0.00,,8.20,Eliane,Matheus,,Matheus,Matheus,Matheus,Matheus,Matheus
409,9.90,,8.60,9.10,8.60,8.89,,8.89,2019/1,Matheus,6.35,8.60,,0.00,Eliane,Matheus,,Matheus,Matheus,Matheus,Matheus,Matheus
410,7.10,,5.20,4.60,5.20,5.22,5.60,5.37,2019/1,Matheus,4.35,5.20,,0.00,Eliane,Matheus,,Matheus,Matheus,Matheus,Matheus,Matheus
411,4.00,,0.00,0.00,0.00,0.40,,0.40,2019/1,Matheus,0.00,0.00,,0.00,Eliane,Matheus,,Matheus,Matheus,Matheus,Matheus,Matheus
412,9.20,,9.60,9.20,9.45,9.41,,9.41,2019/1,Matheus,9.70,9.45,,0.00,Eliane,Matheus,,Matheus,Matheus,Matheus,Matheus,Matheus
413,8.00,,9.00,5.40,8.95,7.81,,7.81,2019/1,Matheus,7.35,8.95,,0.00,Eliane,Matheus,,Matheus,Matheus,Matheus,Matheus,Matheus
414,8.10,,6.90,7.10,6.00,7.05,,7.05,2019/1,Matheus,7.70,6.00,,0.00,Eliane,Matheus,,Matheus,Matheus,Matheus,Matheus,Matheus
415,9.70,,10.00,9.30,9.95,9.74,,9.74,2019/1,Matheus,8.75,9.95,,0.00,Eliane,Matheus,,Matheus,Matheus,Matheus,Matheus,Matheus
416,9.10,,9.90,9.20,9.90,9.61,,9.61,2019/1,Matheus,9.50,9.90,,0.00,Eliane,Matheus,,Matheus,Matheus,Matheus,Matheus,Matheus
417,4.90,,4.70,4.80,4.70,4.74,4.30,4.56,2019/1,Matheus,0.00,4.70,,0.00,Eliane,Matheus,,Matheus,Matheus,Matheus,Matheus,Matheus
418,10.00,,9.70,9.30,9.65,9.58,,9.58,2019/1,Matheus,8.90,9.65,,0.00,Eliane,Matheus,,Matheus,Matheus,Matheus,Matheus,Matheus
419,9.90,,9.80,9.40,9.75,9.68,,9.68,2019/1,Matheus,9.80,9.75,,0.00,Eliane,Matheus,,Matheus,Matheus,Matheus,Matheus,Matheus
420,4.70,,2.50,8.60,2.15,4.57,4.60,4.58,2019/1,Matheus,2.90,0.00,,2.15,Eliane,Matheus,,Matheus,Matheus,Matheus,Matheus,Matheus
421,3.70,,3.70,8.60,1.50,5.17,4.95,5.08,2019/1,Matheus,5.90,0.00,,1.50,Eliane,Matheus,,Matheus,Matheus,Matheus,Matheus,Matheus
422,5.60,,6.60,6.50,5.70,6.45,9.80,7.79,2019/1,Matheus,7.40,5.70,,0.00,Eliane,Matheus,,Matheus,Matheus,Matheus,Matheus,Matheus
423,4.10,,4.50,4.70,1.90,4.52,1.80,3.43,2019/1,Matheus,7.15,1.90,,0.00,Eliane,Matheus,,Matheus,Matheus,Matheus,Matheus,Matheus
424,3.90,,1.80,0.00,0.00,1.45,,1.45,2019/1,Matheus,3.50,0.00,,0.00,Eliane,Matheus,,Matheus,Matheus,Matheus,Matheus,Matheus
425,5.20,,8.20,8.60,8.20,8.03,,8.03,2019/1,Matheus,0.00,0.00,,8.20,Eliane,Matheus,,Matheus,Matheus,Matheus,Matheus,Matheus
426,6.10,,5.80,4.60,5.75,5.45,7.50,6.27,2019/1,Matheus,2.65,5.75,,0.00,Eliane,Matheus,,Matheus,Matheus,Matheus,Matheus,Matheus
427,10.00,,9.70,9.10,9.70,9.56,,9.56,2019/1,Matheus,9.75,0.00,,9.70,Eliane,Matheus,,Matheus,Matheus,Matheus,Matheus,Matheus
428,7.60,,8.20,9.30,7.70,8.47,,8.47,2019/1,Matheus,8.70,7.70,,0.00,Eliane,Matheus,,Matheus,Matheus,Matheus,Matheus,Matheus
429,2.70,,2.40,2.80,2.35,2.52,,2.52,2019/1,Matheus,0.60,0.00,,2.35,Eliane,Matheus,,Matheus,Matheus,Matheus,Matheus,Matheus
430,4.40,,4.10,7.30,2.00,5.10,3.60,4.50,2019/1,Matheus,6.25,0.00,,2.00,Eliane,Matheus,,Matheus,Matheus,Matheus,Matheus,Matheus
431,5.50,,8.20,7.30,8.15,7.62,,7.62,2019/1,Matheus,5.05,8.15,,0.00,Eliane,Matheus,,Matheus,Matheus,Matheus,Matheus,Matheus
432,9.50,,9.90,9.30,9.85,9.66,,9.66,2019/1,Matheus,9.10,9.85,,0.00,Eliane,Matheus,,Matheus,Matheus,Matheus,Matheus,Matheus
433,8.80,,8.70,9.20,8.65,8.82,,8.82,2019/1,Matheus,7.65,8.65,,0.00,Eliane,Matheus,,Matheus,Matheus,Matheus,Matheus,Matheus
434,9.60,,10.00,9.40,10.00,9.79,,9.79,2019/1,Matheus,7.95,10.00,,0.00,Eliane,Matheus,,Matheus,Matheus,Matheus,Matheus,Matheus
435,5.10,,4.70,5.60,3.15,5.01,7.05,5.83,2019/1,Matheus,6.25,3.15,,0.00,Eliane,Matheus,,Matheus,Matheus,Matheus,Matheus,Matheus
436,10.00,,10.00,9.30,10.00,9.79,,9.79,2019/1,Matheus,9.80,10.00,,0.00,Eliane,Matheus,,Matheus,Matheus,Matheus,Matheus,Matheus
437,8.20,,10.00,9.30,10.00,9.61,,9.61,2019/1,Matheus,7.50,10.00,,0.00,Eliane,Matheus,,Matheus,Matheus,Matheus,Matheus,Matheus
438,7.00,,7.00,9.40,7.00,7.72,,7.72,2019/1,Matheus,6.50,0.00,,7.00,Eliane,Matheus,,Matheus,Matheus,Matheus,Matheus,Matheus
439,7.00,,6.80,6.50,6.00,6.71,4.60,5.87,2019/1,Matheus,7.50,6.00,,0.00,Eliane,Matheus,,Matheus,Matheus,Matheus,Matheus,Matheus
440,8.70,,6.50,9.10,6.50,7.51,,7.51,2019/1,Matheus,4.95,6.50,,0.00,Eliane,Matheus,,Matheus,Matheus,Matheus,Matheus,Matheus
441,9.50,,8.50,9.30,8.50,8.85,,8.85,2019/1,Matheus,8.50,8.50,,0.00,Eliane,Matheus,,Matheus,Matheus,Matheus,Matheus,Matheus